"Edgar HernÃ¡ndez","@LineaCalienteEd","16:58","Menos de 1 hora para ir a votar. Â¡Correee!  EleccionesMÃ©xico2024","menos de 1 hora para ir a votar.Â¡correee!elecciones en mÃ©xico 2024","0","0","0","1"
"CuartaPlana Oaxaca","@CuartaPlana","16:20"," Enterate | Hasta las 16:00 horas se tenÃ­an 5 mil 892 casillas instaladas en  Oaxaca. Representan el 99.54 por ciento. La elecciÃ³n ha transcurrido sin incidencias, reporta el @IEEPCO https://cuartaplana.com/index99.php?nota=53756  Noticias  BuenDomingo  FelizDomingo  EleccionesMÃ©xico2024","entÃ©rate hasta las 16:00 horas se tenÃ­an 5 mil 892 casilla electoral instaladas en Oaxaca.representan el 99.54 por ciento.la elecciÃ³n ha transcurrido sin incidencias,reporta el ieepco https:cuartaplana.com index99.php?nota 53756 noticias buen domingo feliz domingo elecciones en mÃ©xico 2024","0","0","0","-1"
"Gattaca X","@RossyTolentino","12:38","Replying to @ryo_hermoso Chihuahua y  YoVotÃ©PorXÃ³chitl  yavotÃ©porxÃ³chitl  XochitlGÃ¡lvezPresidenta24  XoxhitlGÃ¡lvezPresidente2024","replying to ryo_hermoso chihuahua y ya votÃ© por xochitl ya votÃ© por xochitl xochitl galvez presidenta 2024 xochitl galvez presidenta 2024","1","0","0","0"
"Farah","@Farah","21:02","Voten por morenaaaaaa, es el futuro que necesitamos.","voten por morenaaaaaa,es el futuro que necesitamos.","0","1","0","0"
"FERMOR","@FERMOR_23","08:03","Si te da flojera hacer fila, imagina hacer fila todos los dÃ­as.  InundemosLasUrnas","si te da flojera hacer fila,imagina hacer fila todos los dÃ­as.inundemos las urnas","0","0","0","-1"
"PatCouret","@PatCouret","09:13","En respuesta a @PatCouret  ClaudiaPresidentaDeMÃ©xico2024  PlanC  VotoMasivoMorenaPlanC","en respuesta a patcouret claudia serÃ¡ la siguiente presidenta de mÃ©xico en 2024 plan C voto masivo para MORENA, Plan C","0","1","0","0"
"CARACUS ğŸ‡²ğŸ‡½","@caracusmx","08:49","Vamos a recuperar la libertad donde hoy gobierna el autoritarismo.  XÃ³chitlGÃ¡lvezPresidenta","vamos a recuperar la libertad donde hoy gobierna el autoritarismo.xochitl gÃ¡lvez serÃ¡ la presidenta","1","0","0","0"
"Olivia SalomÃ³n","@OliviaSalomonV","18:57","No te pierdas el detalle de los preliminares de este proceso electoral histÃ³rico que vivimos las y los mexicanos. En el siguiente enlace esta la conferencia de prensa  EnVivo, que cabezada por el presidente nacional de @PartidoMorenaMx, @mario_delgado  EleccionesMÃ©xico2024","no te pierdas el detalle de los preliminares de este proceso electoral histÃ³rico que vivimos las y los mexicanos.en el siguiente enlace esta la conferencia de prensa en vivo,que cabezada por el presidente nacional de partidomorenamx,mario_delgado elecciones en mÃ©xico 2024","0","0","0","0"
"Drake5 âš½ğŸŸ¨ğŸŸ¦","@soul_drake5","18:36","SegÃºn la encuesta de salida 'Massive Caller', con corte a las 6:00PM, AdriÃ¡n de la Garza estarÃ­a arrasando por la candidatura de  Monterrey  NuevoLeÃ³n ğŸ’¥ğŸ—³ï¸.  EleccionesMÃ©xico2024","segÃºn la encuesta de salida massive caller,con corte a las 6:00pm,adriÃ¡n de la garza estarÃ­a arrasando por la candidatura de Monterrey Nuevo LeÃ³n.elecciones en mÃ©xico 2024","0","0","0","1"
"feba Ã‰. Flowers î¨€","@feba_eflores","08:11","Que la uniÃ³n vuelva a MÃ©xico.  InundemosLasUrnas","que la uniÃ³n vuelva a mÃ©xico.inundemos las urnas","0","0","0","1"
"Miss Ketotifeno**","@MarGarcinez","16:48","Metepec desde las 13 hrs que se acabaron las boletas en casilla del Calvario... hay turba iracunda, con justa razÃ³n.  EleccionesMÃ©xico2024","metepec desde las 13 horas que se acabaron las boleta electoral en casilla electoral del calvario...hay turba iracunda,con justa razÃ³n.elecciones en mÃ©xico 2024","0","0","0","-1"
"Lucia Franco","@franco_lucia","12:58","Con toda la libertad y porque quiero un MÃ©xico mejor  yovotÃ©porxÃ³chitl","con toda la libertad y porque quiero un mÃ©xico mejor ya votÃ© por xochitl","1","0","0","0"
"Luis Antonio","@cid_seven","10:59","Puerto de Veracruz  ClaudiaPresidentaDeMÃ©xico2024","puerto de Veracruz claudia serÃ¡ la siguiente presidenta de mÃ©xico en 2024","0","1","0","0"
"Ulises","@JesusUlises0393","15:48","En respuesta a @xochitl  YoVotÃ©PorXochitl  XoxhitlGÃ¡lvezPresidente2024","en respuesta a xochitl yo votÃ© por xochitl xochitl galvez presidenta 2024","1","0","0","0"
"El Dr que no usa bata ğŸ‘¨ğŸ»â€âš•ï¸ğŸ‡²ğŸ‡½","@Dr_Sebastian_Ro","10:49","Como debe ser  EleccionesMÃ©xico2024  XochitlGÃ¡lvezPresidenta24","como debe hacer elecciones en mÃ©xico 2024 xochitl galvez presidenta 2024","1","0","0","0"
"Juan Medina","@doctorjuanito","12:48","Que siga la transformaciÃ³n. â¤ï¸  ChairoHastaLasChanclas.  EleccionesMÃ©xico2024  VotaMexico  EleccionPresidencial  Queretaro @claudia sheinbaum @SNietoCastillo","que siga la transformaciÃ³n.chairohastalaschanclas.elecciones en mÃ©xico 2024 vota mÃ©xico elecciÃ³n presidencial QuerÃ©taro claudia sheinbaum snietocastillo","0","1","0","0"
"Travel Guy 42 âœˆï¸ ğŸš ğŸš—","@travel_guy_42","14:54"," YoVotÃ©PorXÃ³chitl","ya votÃ© por xochitl","1","0","0","0"
"Condesa Pro Vecinos","@CondesaVecinos","08:01","Se hizo se logrÃ³.  VotoMasivo ğŸ¥° @XochitlGalvez","se hizo se logrÃ³.voto masivo xochitl galvez","1","0","0","0"
"Francisco","@franciscoreyes","10:03"," YoVotoMorena  ClaudiaPresidentaDeMÃ©xico2024","yo voto por MORENA claudia serÃ¡ la siguiente presidenta de mÃ©xico en 2024","0","1","0","0"
"Huitzilin Alberto ğŸ€ğŸ‡²ğŸ‡½","@Alberto_Hark","14:43","Sudado y despeinado pero feliz de contribuir a la continuidad de la Cuarta TransformaciÃ³n  ClaudiaPresidentaDeMÃ©xico2024","sudado y despeinado pero feliz de contribuir a la continuidad de la cuarta transformaciÃ³n claudia serÃ¡ la siguiente presidenta de mÃ©xico en 2024","0","1","0","0"
"Abraham Choc","@abrahamchoc","22:43","quÃ© csm XÃ³chitl","quÃ© chingue su madre xochitl","-1","0","0","0"
"Ashley Abril Castillo GutiÃ©rrez","@Ashley Abril Castillo GutiÃ©rrez","21:32","Fuera Morena, basta de lo mismo disfrazado de cambio.","fuera morena,basta de lo mismo disfrazado de cambio.","0","-1","0","0"
"ê•¥ Andrea X î¨€ ê•¥","@AndreaSegen","08:39","Hoy por XÃ³chitl, por MÃ©xico, por la democracia.  YoVotarePorXÃ³chitl","hoy por xochitl,por mÃ©xico,por la democracia.yo votarÃ© por xochitl","1","0","0","0"
"EL OCCIDENTAL","@ELOCCIDENTAL","18:44"," EleccionesMÃ©xico2024 Con datos de tres encuestas de salida, Pablo Lemus candidato de Movimiento Ciudadano dice que ganÃ³ la elecciÃ³n por la gubernatura por 20 puntos. VÃ­a. Viridiana Saavedra / El Occidental","elecciones en mÃ©xico 2024 con datos de tres encuestas de salida,pablo lemus candidato de movimiento ciudadano dice que ganÃ³ la elecciÃ³n por la gobernatura por 20 puntos.vÃ­a.viridiana saavedra el occidental","0","0","1","0"
"Grupo FÃ³rmula","@Radio_Formula","16:06","Ciro GÃ³mez Leyva (@ciroGomezL) y Jaime NÃºÃ±ez (@janupi) dan sus percepciones ğŸ—³ï¸ğŸ§ de lo que va de la jornada electoral: La participaciÃ³n parece que ha sido alta y no ha habido tantas incidencias de violencia.  EleccionesMÃ©xico2024  Elige2024","ciro gÃ³mez leyva(cirogomezl)y jaime nÃºÃ±ez(janupi)dan sus percepciones de lo que va de la jornada electoral:la participaciÃ³n parece que ha sido alta y no ha habido tantas incidencias de violencia.elecciones en mÃ©xico 2024 elige en 2024","0","0","0","0"
"MonteâğŸ•Šï¸","@montes_jr","10:54","Mi granito de arena @xochitl  YoVotarePorXÃ³chitl  EleccionesMÃ©xico2024  XochitlGÃ¡lvezPresidenta24","mi granito de arena xochitl yo votarÃ© por xochitl elecciones en mÃ©xico 2024 xochitl galvez presidenta 2024","1","0","0","0"
"LosTitulares","@_LosTitulares","18:35"," EleccionesMÃ©xico2024 TambiÃ©n el dirigente nacional del @PAN @MarkoCortes saliÃ³ a exponer que su alianza ganÃ³ la CDMX, Guanajuato, Morelia, Puebla con @eduardorivera01, Veracruz y YucatÃ¡n.","elecciones en mÃ©xico 2024 tambiÃ©n el dirigente nacional del PAN markocortes saliÃ³ a exponer que su alianza ganÃ³ la Ciudad de MÃ©xico,guanajuato,Morelia,puebla con eduardorivera01,Veracruz y YucatÃ¡n.","1","0","0","0"
"Gilberto Lozano","@gilbertolozanog","08:33","Sheinbaum y MÃ¡ynez son ateos. XÃ³chitl tambiÃ©n, aunque hipÃ³crita. Tres zurdos progresistas en la boleta.","sheinbaum y maynez son ateos.xochitl tambiÃ©n,aunque hipÃ³crita.tres zurdos progresistas en la boleta electoral.","-1","-1","-1","0"
"Lety ğŸ‡²ğŸ‡½","@Lety_Barrera","15:44"," YoVotÃ©PorXÃ³chitl","ya votÃ© por xochitl","1","0","0","0"
"Eugenia Lara âœ–ï¸ MiVotoParaXochitl","@EugeniaLaraG1","08:02"," XochitlGÃ¡lvezPresidenta","xochitl gÃ¡lvez serÃ¡ la presidenta","1","0","0","0"
"AndreağŸ‡ºğŸ‡¦ ~Andira","@AndreaM05612909","14:47"," EleccionesMÃ©xico2024  YoVotÃ©PorXÃ³chitl  XÃ³chitlGÃ¡lvezPresidenta Porque quiero a ğŸ‡²ğŸ‡½ viviendo en plena Libertad","elecciones en mÃ©xico 2024 ya votÃ© por xochitl xochitl gÃ¡lvez serÃ¡ la presidenta porque quiero a viviendo en plena libertad","1","0","0","0"
"Melky HernÃ¡ndez ğŸ‡µğŸ‡¸","@melkyhdez","16:50","IncreÃ­ble que en la jornada electoral mÃ¡s grande de la historia de MÃ©xico, las boletas estÃ©n limitadas, privando a las y los mexicanos del derecho a votar. Definitivamente el @INEMexico tiene una mala organizaciÃ³n dentro de las casillas.  EleccionesMÃ©xico2024","increÃ­ble que en la jornada electoral mÃ¡s grande de la historia de mÃ©xico,las boleta electoral estÃ©n limitadas,privando a las y los mexicanos del derecho a votar.definitivamente el INE MÃ©xico tiene una mala organizaciÃ³n dentro de las casilla electoral.elecciones en mÃ©xico 2024","0","0","0","-1"
"ING Jose Quintero","@JoseQui58368","09:59","En respuesta a @XovenesXingones @PartidoMorenaMx y @claudia sheinbaum Jajajajajq ya estÃ¡n listos para perder con su botarga?  VotoMasivoMorenaPTyPV  ClaudiaPresidentaDeMÃ©xico2024","en respuesta a jÃ³venes chingones con xÃ³chitl partidomorenamx y claudia sheinbaum jajajajajq ya estÃ¡n listos para perder con su botarga?voto masivo para MORENA, PT y PV claudia serÃ¡ la siguiente presidenta de mÃ©xico en 2024","-1","1","0","0"
"NaniğŸ’‹","@nanyy0104","08:58","Culo el que vote por XÃ³chitl.  EleccionesMx2024","culo el que vote por xochitl.elecciones en mÃ©xico 2024","-1","0","0","0"
"ANA VALLE","@anavalle","22:41","Ya quiero verlos diciendo 'Viva Claudia' cuando MÃ©xico se vaya a la verga ğŸ˜","ya quiero verlos diciendo viva claudia cuando mÃ©xico se vaya alv","0","-1","0","0"
"SimÃ³n A-RamÃ³n","@simon_antun","18:57","Replying to @simon_antun @evoespueblo and 3 others  EleccionesMÃ©xico2024 IntervenciÃ³n de Mario Delgado anunciando la victoria (no oficial) de Claudia Sheinbaum, candidata oficial.","replying to simon_antun evoespueblo and 3 others elecciones en mÃ©xico 2024 intervenciÃ³n de mario delgado anunciando la victoria(no oficial)de claudia sheinbaum,candidata oficial.","0","1","0","0"
"Capital 21 Noticias","@C21Noticias","16:57"," EleccionesMÃ©xico2024 | El Sistema de InformaciÃ³n sobre el desarrollo de la Jornada Electoral (SIJE) del @INEMexico reportÃ³, con corte a las 17:10 horas de este 2 de junio, la instalaciÃ³n de 169 mil 747 casillas, es decir, el 99.98% de las casillas electorales aprobadas.","elecciones en mÃ©xico 2024 el sistema de informaciÃ³n sobre el desarrollo de la jornada electoral(sije)del INE MÃ©xico reportÃ³,con corte a las 17:10 horas de este 2 de junio,la instalaciÃ³n de 169 mil 747 casilla electoral,es decir,el 99.98 de las casilla electoral electorales aprobadas.","0","0","0","0"
"Froylan Laraâœ’ï¸","@biofroy","09:09","DÃ­a histÃ³rico para MÃ©xico â¤ï¸  ClaudiaPresidentaDeMÃ©xico  ClaudiaArrasarÃ¡  ClaudiaPresidentaDeMÃ©xico2024  ClaudiaYaEresPresidenta","dÃ­a histÃ³rico para mÃ©xico Claudia serÃ¡ presidenta de MÃ©xico Claudia arrasarÃ¡ en las votaciones claudia serÃ¡ la siguiente presidenta de mÃ©xico en 2024 Claudia, ya eres presidenta","0","1","0","0"
"Got morgen til livet","@robertoz70","12:45"," XochitlGalvezPresidenteDeMÄ—xico  YoVotÃ©PorXÃ³chitl listo!!!","xochitl galvez presidenta de mÃ©xico ya votÃ© por xochitl listo!!!","1","0","0","0"
"JaguarAguilar","@JaguarAguilar","09:24","Alguien vote a Maynez por favor  Votaciones  EleccionesMÃ©xico2024  Mexico  Votaciones2024","alguien vote a maynez por favor votaciones elecciones en mÃ©xico 2024 mÃ©xico votaciones 2024","0","0","1","0"
"Lili Islas â˜•ï¸","@duceli_175","14:28","Quedamos en las mejores manos para construir el 2Â° piso de NUESTRA TransformaciÃ³nğŸ’ªğŸ¼ Toda mi confianza para @claudia sheinbaum, no nos fallÃ³ como Jefa de gobierno y no nos fallarÃ¡ como  ClaudiaPresidentaDeMÃ©xico2024 No te dejaremos sola y vamos junt@s  HastaLaVictoria  ClaudiaArrasarÃ¡","quedamos en las mejores manos para construir el 2 piso de nuestra transformaciÃ³n toda mi confianza para claudia sheinbaum,no nos fallÃ³ como jefa de gobierno y no nos fallarÃ¡ como claudia serÃ¡ la siguiente presidenta de mÃ©xico en 2024 no te dejaremos sola y vamos junt s hasta la victoria Claudia arrasarÃ¡ en las votaciones","0","1","0","0"
"Jhon","@juandegdl","15:11","Por  ClaudiaPresidentaDeMÃ©xico2024","por claudia serÃ¡ la siguiente presidenta de mÃ©xico en 2024","0","1","0","0"
"XÃ³venes Xingones","@XovenesXingones","08:03","Los  XovenesXingones estamos con @XochitlGalvez.  XÃ³chitlGÃ¡lvezPresidenta","los jÃ³venes chingones con xÃ³chitl estamos con xochitl galvez.xochitl gÃ¡lvez serÃ¡ la presidenta","1","0","0","0"
"ğ‘´ğ’‚ğ’“ğ’„ğ’–ğ’”ğ‘©ğ’–ğ’”ğ’•ğ’ğ’”","@MarckBustos","09:29","Nunca me habÃ­an emocionado tanto unas elecciones como Ã©stas!  EleccionesMÃ©xico2024  XÃ³chitlGÃ¡lvezPresidenta","nunca me habÃ­an emocionado tanto unas elecciones como Ã©stas!elecciones en mÃ©xico 2024 xochitl gÃ¡lvez serÃ¡ la presidenta","1","0","0","0"
"CHRISTINA ROSENTHAL","@CRISTINAITOR48","08:51","Mi voto no es para ti botarga.  ClaudiaPresidentaDeMÃ©xico2024","mi voto no es para ti botarga.claudia serÃ¡ la siguiente presidenta de mÃ©xico en 2024","-1","1","0","0"
"Jorge Montes de Oca","@CancunMinigolf","13:03"," EleccionesMÃ©xico2024  YoVotÃ©PorXÃ³chitl  XochitlGÃ¡lvezPresidenta24","elecciones en mÃ©xico 2024 ya votÃ© por xochitl xochitl galvez presidenta 2024","1","0","0","0"
"Marco","@Procopius_soy","16:19","Muy acertado recordatorioâ€¦. el malestar de Migrantes hoy al no poder votar es resultado de la negativa de la Suprema Corte a permitir voto con identificaciÃ³n oficial, pasaporteâ€¦  EleccionesMÃ©xico2024","muy acertado recordatorio.el malestar de migrantes hoy al no poder votar es resultado de la negativa de la suprema corte a permitir voto con identificaciÃ³n oficial,pasaporte elecciones en mÃ©xico 2024","0","0","0","-1"
"Ramses Ramos","@rancioxd","15:15"," YoVotÃ©PorXÃ³chitl ğŸ©·","ya votÃ© por xochitl","1","0","0","0"
"â™¦ John Marstonâ™¦","@Galvanman9","16:37","Presidente Maynez, Maynez, Maynez, Maynez Presidente. ğŸ¶ Yo camino a la urna a dejar mi boleta marcada con  XochitlGÃ¡lvez  EleccionesMÃ©xico2024  EleccionPresidencial2024  VotoMexico","presidente maynez,maynez,maynez,maynez presidente.yo camino a la urna a dejar mi boleta electoral marcada con xochitl galvez elecciones en mÃ©xico 2024 elecciÃ³n presidencial 2024 vota mÃ©xico","1","0","1","0"
"Olga Espinoza","@olgaev9","08:26","Hemos cumplido. Viva MÃ©xico.  InundemosLasUrnas","hemos cumplido.viva mÃ©xico.inundemos las urnas","0","0","0","1"
"CHISMEANDOANDOMX","@chismeandoandom","16:44","Lamentablemente lo ocurrido en Queretaro  EleccionesMÃ©xico2024  EleccionesQuerÃ©taro","lamentablemente lo ocurrido en QuerÃ©taro elecciones en mÃ©xico 2024 elecciones QuerÃ©taro","0","0","0","-1"
"Buzos de la Noticia","@BuzosNoticias","16:29"," EleccionesMÃ©xico2024 || Entre las 8 y 9 pm se darÃ¡n resultados preliminares de las alcaldÃ­as de CDMX","elecciones en mÃ©xico 2024 entre las 8 y 9 pm se darÃ¡n resultados preliminares de las alcaldÃ­as de Ciudad de MÃ©xico","0","0","0","0"
"cc","@ccblascor","09:36","POR MÃ‰XICO ğŸ‡²ğŸ‡½ @xochitl @STaboadaMx  EleccionesMÃ©xico2024  XochitlGÃ¡lvezPresidenta  MexicoConXÃ³chitlGÃ¡lvez","por mÃ©xico xochitl staboadamx elecciones en mÃ©xico 2024 xochitl gÃ¡lvez serÃ¡ la presidenta mÃ©xico con xochitl gÃ¡lvez","1","0","0","0"
"Frank Lindero","@LinderoXavier","10:47","Recuerden no dejen de votar para que @XochitlGalvez sea la presidenta de MÃ©xico.  XÃ³chitlGÃ¡lvezPresidenta  EleccionesMÃ©xico2024","recuerden no dejen de votar para que xochitl galvez sea la presidenta de mÃ©xico.xochitl gÃ¡lvez serÃ¡ la presidenta elecciones en mÃ©xico 2024","1","0","0","0"
"Ing. Chairo AMLObradorista","@osojupChairoIng","15:29"," ClaudiaPresidentaDeMÃ©xico2024  ClaudiaArrasarÃ¡ ğŸ˜","claudia serÃ¡ la siguiente presidenta de mÃ©xico en 2024 Claudia arrasarÃ¡ en las votaciones","0","1","0","0"
"Mafer Muval","@mafermuval","22:46","VIVA CAIFANES ğŸ—£ğŸ«µğŸ»","viva caifanes","0","0","0","1"
"Numen Sanders","@NumenSanders_","15:41"," YoVotÃ©PorXochitl  XÃ³chitlGÃ¡lvezPresidenta  EleccionesMexico2024","yo votÃ© por xochitl xochitl gÃ¡lvez serÃ¡ la presidenta elecciones en mÃ©xico 2024","1","0","0","0"
"Bruja CÃ³smica de los Salchis","@indraelephant8","08:44","Vean la sencillez de Claudia Sheinbaum, haciendo fila como cualquier ciudadano.  ClaudiaPresidentaDeMÃ©xico2024","vean la sencillez de claudia sheinbaum,haciendo fila como cualquier ciudadano.claudia serÃ¡ la siguiente presidenta de mÃ©xico en 2024","0","1","0","0"
"Guillermo Reyes","@CondesaEquidad","09:39","Para los forÃ¡neos pregunten e investiguen sobre cuÃ¡ntas boletas hay y no desistan. Resistan es un momento importante para nuestro paÃ­s. No dejemos que vuelva el PRIAN.  condesa  EleccionesMÃ©xico2024  EleccionesMÃ©xico","para los forÃ¡neos pregunten e investiguen sobre cuÃ¡ntas boleta electoral hay y no desistan.resistan es un momento importante para nuestro paÃ­s.no dejemos que vuelva el prian representado  por xochitl.Condesa elecciones en mÃ©xico 2024 elecciones en mÃ©xico","-1","0","0","0"
"VerÃ³nica SÃ¡nchez","@Verosan_10","10:56"," ClaudiaPresidentaDeMÃ©xico2024","claudia serÃ¡ la siguiente presidenta de mÃ©xico en 2024","0","1","0","0"
"Yiyi","@Yiyis_s","12:58","Por mÃ¡s derechos e igualdad a los que menos tienen, por quÃ© tengamos mÃ¡s derechos laborales y de vivienda. Por menos desigualdad, Por mÃ¡s humanismo.  EleccionesMÃ©xico2024  ClaudiaPresidentaDeMÃ©xico2024","por mÃ¡s derechos e igualdad a los que menos tienen,por quÃ© tengamos mÃ¡s derechos laborales y de vivienda.por menos desigualdad,por mÃ¡s humanismo.elecciones en mÃ©xico 2024 claudia serÃ¡ la siguiente presidenta de mÃ©xico en 2024","0","1","0","0"
"Explore Canada","@explorecanada","22:13","â¤â¤Eliza preciosa! Hasta estÃ¡ vestida como una diosa! â¤â¤","eliza preciosa!hasta estÃ¡ vestida como una diosa!","0","0","0","1"
"Isra GonzÃ¡lez","@Israglezz2","08:51"," InundemosLasUrnas maÃ±ana es el gran dÃ­a perros que estuvieron ladrando pura ğŸ’© durante 5 aÃ±os los mama ğŸ¥šğŸ¥šPRIANPRD Voto masivo a MORENA, construyamos el 2do piso de la 4T","inundemos las urnas maÃ±ana es el gran dÃ­a perros que estuvieron ladrando pura durante 5 aÃ±os los mama PRIANRD representado por xochitl voto masivo a morena,construyamos el segundo piso de la 4ta transformaciÃ³n","-1","1","0","0"
"Fatima","@Fatima","21:05","Puro chairo por aquÃ­.","puro chairo por aquÃ­.","0","-1","0","0"
"Mar Valdelamar","@MarValdelamar","10:53","Sin camiones, ni tortas, ni apoyos!! Vamos MÃ©xico por la defensa de nuestras libertades!! Saludos desde Tepic, Nayarit!!  XochitlGÃ¡lvezPresidenta24","sin camiones,ni tortas,ni apoyos!!vamos mÃ©xico por la defensa de nuestras libertades!!saludos desde tepic,nayarit!!xochitl galvez presidenta 2024","1","0","0","0"
"Flashito Helldiver ğŸª–ğŸ”«ğŸ’¥ğŸƒğŸ»â€â™‚ï¸âš¡ï¸","@yosoyflashito","12:56","Por otro sexenio mandando derechito a chingar a su madre al PRIAN, votemos ğŸ¤ğŸ»ğŸ™‚â€â†•ï¸  EleccionesMÃ©xico2024","por otro sexenio mandando derechito a chingar a su madre al prian representado  por xochitl,votemos elecciones en mÃ©xico 2024","-1","0","0","0"
"Karina","@Karina","21:43","A los del PRI les falta ğŸ§ .","a los del pri representado por xochitl les falta.","-1","0","0","0"
"Santo vs las Momias de la 4T","@vs_4t","15:07","Por si tenÃ­an la duda de si ya fui a mandar a la verga a la Momia Seca @claudia sheinbaum y la legiÃ³n del KKs. Ya lo hice @PartidoMorenaMx a la verga  2deJunio  EleccionesMÃ©xico2024 ğŸ‘‡ğŸ½ğŸ‘‡ğŸ½ğŸ‘‡ğŸ½","por si tenÃ­an la duda de si ya fui a mandar a la verga a la momia seca claudia sheinbaum y la legiÃ³n del cacas.ya lo hice partidomorenamx a la verga 2 de junio elecciones en mÃ©xico 2024","0","-1","0","0"
"SerguÃ©i RajmÃ¡ninov","@Roy_Van_","16:56","Replying to @JustYorsh Claro, cÃ³mo en cada elecciÃ³n no podemos faltar Yorsh. ğŸ™ŒğŸ½ğŸŒ  EleccionesMÃ©xico2024","replying to justyorsh claro,cÃ³mo en cada elecciÃ³n no podemos faltar yorsh.elecciones en mÃ©xico 2024","0","0","0","1"
"User","arroba","hora de publicaciÃ³n","publicaciÃ³n","publicaciÃ³n","0","0","0","0"
"YOLLOXAN","@XANTILTI","12:28","Nikan tochantzinco ope keh las 8:20am neh o ni tlamahchoti las 9:32am nocni  amlo Miek toc nitzitzihua kate.  SanBernardinochalchihuapan  chalchihuapan  ocoyucan  PUEBLA  nahuatl @Cuauhtemoc_1521  EleccionesMÃ©xico2024  ElecciÃ³nPresidencial  EleccionesMÃ©xico24","nikan tochantzinco ope keh las 8:20am neh o ni tlamahchoti las 9:32am nocni amlo miek toc nitzitzihua kate.san bernardino chalchihuapan chalchihuapan ocoyucan puebla nahuatl cuauhtemoc_1521 elecciones en mÃ©xico 2024 elecciÃ³n presidencial elecciones en mÃ©xico 2024","0","0","0","0"
"Gatita Rebelde","@Alinalvarez24","15:30","Replying to @xochitl Bien Xingon! De no volverte a escuchar! Ni pegar mÃ¡s chicles, ni ver como la cagas! Por fin! De callarles la boca.  ClaudiaPresidentaDeMÃ©xico2024 @XochitlGalvez @SantiagoCreelM @ClaudioXGG @kenialopezr @FelipeCalderon @VicenteFoxQue @alitomorenoc","replying to xochitl bien xingon!de no volverte a escuchar!ni pegar mÃ¡s chicles,ni ver como la cagas!por fin!de callarles la boca.claudia serÃ¡ la siguiente presidenta de mÃ©xico en 2024 xochitl galvez santiagocreelm claudioxgg kenialopezr felipecalderon vicentefoxque alitomorenoc","0","1","0","0"
"Angelica Palacios","@AngelicaPa85048","10:22","TODO MORENA  PlanC  ClaudiaPresidentaDeMÃ©xico2024 NingÃºn paso atrÃ¡s, a continuar con la  4taTransformaciÃ³n ğŸ«¶ğŸ«¶ğŸ«¶ğŸ«¶","todo morena plan C claudia serÃ¡ la siguiente presidenta de mÃ©xico en 2024 ningÃºn paso atrÃ¡s,a continuar con la 4ta TransformaciÃ³n","0","1","0","0"
"Mauricio X ğŸŒ","@elmaunogarces","15:58"," YoVotÃ©PorXochitl  XÃ³chitlGÃ¡lvezPresidenta","yo votÃ© por xochitl xochitl gÃ¡lvez serÃ¡ la presidenta","1","0","0","0"
"ğŸ”Š ğŸ‡²ğŸ‡½~Edgar (N) RiveR~ğŸ‡²ğŸ‡½","@EdviRubiO","16:53","Desde el momento en que te imponen por quiÃ©n votar, desde ese momento estÃ¡ jodido todo. No importa por quiÃ©n votaste, todos los candidatos son una porquerÃ­a. No creo que el prÃ³ximo sexenio sea una mierda, Â¿O si?  EleccionesMÃ©xico2024  YaVotÃ©  VotoPorMÃ©xico  VotaPorMÃ©xico","desde el momento en que te imponen por quiÃ©n votar,desde ese momento estÃ¡ jodido todo.no importa por quiÃ©n votaste,todos los candidatos son una porquerÃ­a.no creo que el prÃ³ximo sexenio sea una mierda,Â¿o si?elecciones en mÃ©xico 2024 ya votÃ© voto por mÃ©xico voto por mÃ©xico","0","0","0","-1"
"SoleZH  StandWithUkraine ğŸ‡ºğŸ‡¦ğŸ•Š","@solecitohc","18:59","Son las elecciones mÃ¡s apretadas en  MÃ©xico, las encuestas que dan como ganadora a una u otra candidata pululan en redes, pero el  INEMÃ©xico aÃºn no da resultados oficiales. Se espera el conteo hasta el Ãºltimo voto ğŸ—³ï¸  EleccionesMÃ©xico2024 â¤µï¸","son las elecciones mÃ¡s apretadas en mÃ©xico,las encuestas que dan como ganadora a una u otra candidata pululan en redes,pero el INE MÃ©xico aÃºn no da resultados oficiales.se espera el conteo hasta el Ãºltimo voto elecciones en mÃ©xico 2024","0","0","0","0"
"Edgar HernÃ¡ndez","@LineaCalienteEd","16:58","Menos de 1 hora para ir a votar. Â¡Correee!  EleccionesMÃ©xico2024","menos de 1 hora para ir a votar.Â¡correee!elecciones en mÃ©xico 2024","0","0","0","0"
"Karla oropeza","@kr_oropeza","08:04","Cansadas y cansados de sus amiguismos con narcotraficantes.  ClaudiaPresidentaDeMÃ©xico2024","cansadas y cansados de sus amiguismos con narcotraficantes.claudia serÃ¡ la siguiente presidenta de mÃ©xico en 2024","0","1","0","0"
"Lorena Barba","@LorenaBarbaG","19:57","Los ganadores: 2 presidentas del PaÃ­s 2 gobernadores por Estado etc.. que risa ğŸ¤£ se auto proclaman y aÃºn no hay primer conteo ğŸ¤¦ğŸ»â€â™€ï¸ @xochitl @claudia sheinbaum  EleccionesMÃ©xico2024 @INEMexico","los ganadores:2 presidentas del paÃ­s 2 gobernadores por estado etc..que risa se auto proclaman y aÃºn no hay primer conteo xochitl claudia sheinbaum elecciones en mÃ©xico 2024 INE MÃ©xico","-1","-1","0","0"
"SYMG","@SYMG","21:50","Morena ya ganÃ³ â™¥â™¥, el paÃ­s avanza al futuro.","morena ya ganÃ³,el paÃ­s avanza al futuro.","0","1","0","0"
"ğŸ‡²ğŸ‡½  VivaMexicoConAMLO","@Mashi_Yaz","16:58"," EleccionesMexico2024 â¤ï¸ğŸ‡²ğŸ‡½â¤ï¸ TodavÃ­a tienes 40 minutos para ir a votar por â¦@ClaraBrugadaM","elecciones en mÃ©xico 2024 todavÃ­a tienes 40 minutos para ir a votar por clarabrugadam","0","0","0","0"
"Vianey SÃ¡nchez","@VianeyS21869722","08:37","Salgamos a votar masivamente.  ClaudiaPresidentaDeMÃ©xico2024","salgamos a votar masivamente.claudia serÃ¡ la siguiente presidenta de mÃ©xico en 2024","0","1","0","0"
"AxelMg","@axelmg","22:32","MAINEZ BEBÃ‰ YA GANÃ“ ğŸ§¡ğŸ§¡ğŸ§¡ğŸ§¡ğŸ§¡ğŸ§¡","maynez bebÃ© ya ganÃ³","0","0","1","0"
"Yolanda Reyes","@yolandareyes","22:19","Claudia ğŸ’ªâ¤ CLAUDIA CLAUDIA CLAUDIA CLAUDIA CLAUDIA ğŸ‡²ğŸ‡½ğŸ’ª PRESIDENTA","claudia claudia claudia claudia claudia claudia presidenta","0","1","0","0"
"Karim Zarif","@Hijo7de_Dios","10:40"," TODOMORENA Ya se la pelaron  EleccionesMÃ©xico2024","todo MORENA ya se la pelaron elecciones en mÃ©xico 2024","0","-1","0","0"
"RuLoO","@KaiserRulo","16:41","@miakhalifa AMLO believes in you!  YaVotÃ©  EleccionesMÃ©xico2024","miakhalifa amlo believes in you!ya votÃ© elecciones en mÃ©xico 2024","0","0","0","0"
"jerry aguilar","@gerasagitario","09:58","Esta Hecho Voto por correo  ClaudiaPresidentaDeMÃ©xico2024","esta hecho voto por correo claudia serÃ¡ la siguiente presidenta de mÃ©xico en 2024","0","1","0","0"
"MercedesğŸ©·","@Lunamlover","15:21","Replying to @xochitl Por supuesto, aquÃ­ estÃ¡!!!  ClaudiaPresidentaDeMÃ©xico2024  ClaudiaArrasarÃ¡","replying to xochitl por supuesto,aquÃ­ estÃ¡!!!claudia serÃ¡ la siguiente presidenta de mÃ©xico en 2024 Claudia arrasarÃ¡ en las votaciones","0","1","0","0"
"Õá‘Œ MALVADA á—°á—©á’á—´Õä¸…á—©á—ª á’ªá—© á—·á—á—© ğŸ‘‘ğŸ","@JeSuisLaBOA","12:59","DespuÃ©s de 5 horas, se logrÃ³. Â¡Ãnimo MÃ©xico, asÃ­ se vota en Dinamarca!  YoVotÃ©PorXÃ³chitl","despuÃ©s de 5 horas,se logrÃ³.Â¡Ã¡nimo mÃ©xico,asÃ­ se vota en dinamarca!ya votÃ© por xochitl","1","0","0","0"
"Hey Jude","@soyjude_","16:50","Votar por el PAN no te hace rico, asÃ­ como votar por Morena no te hace naco. Si vamos tratÃ¡ndonos con respeto?","votar por el PAN no te hace rico,asÃ­ como votar por morena no te hace naco.si vamos tratÃ¡ndonos con respeto?","-1","1","0","0"
"Sam sam","@Samsam921479","09:56","Hoy es cuando veremos que los tweets de miles de bots no pueden votar. Claudia Presidente  ClaudiaPresidentaDeMÃ©xico2024","hoy es cuando veremos que los tweets de miles de bots no pueden votar.claudia presidente claudia serÃ¡ la siguiente presidenta de mÃ©xico en 2024","0","1","0","0"
"Israel BermÃºdez","@IsraelBermudezG","18:35","Basta con googlear el nombre de algunas 'encuestadoras' que por aquÃ­ han publicado algunos que se dicen serios, hay que decirlo, mayormente favoreciendo a XÃ³chitlâ€¦ de algunas ni su pÃ¡gina de internet existe. Â¿Por quÃ© son asÃ­ eh? NomÃ¡s ilusionan ğŸ¤¦ğŸ½â€â™‚ï¸  EleccionesMÃ©xico2024","basta con googlear el nombre de algunas encuestadoras que por aquÃ­ han publicado algunos que se dicen serios,hay que decirlo,mayormente favoreciendo a xochitl de algunas ni su pÃ¡gina de internet existe.Â¿por quÃ© son asÃ­ he?nomÃ¡s ilusionan elecciones en mÃ©xico 2024","0","0","0","0"
"Diego GuillÃ©n","@DiegoGGuillen","09:45","Amigos de la 4T, si quieren que la transformaciÃ³n siga, no olviden que la Ãºnica forma es votar de la siguiente manera, asÃ­ garantizan la muerte del PRIAN.  EleccionesMÃ©xico2024","amigos de la 4ta transformaciÃ³n,si quieren que la transformaciÃ³n siga,no olviden que la Ãºnica forma es votar de la siguiente manera,asÃ­ garantizan la muerte del prian representado  por xochitl.elecciones en mÃ©xico 2024","-1","1","0","0"
"PanAm Post EspaÃ±ol","@PanAmPost_es","18:54"," EleccionesMÃ©xico2024 ğŸ‡²ğŸ‡½ | Ciudad de MÃ©xico, 2 jun (EFE).- Los centros de votaciÃ³n para la elecciÃ³n presidencial cerraron a partir de las 18:00 hora local (00:00 GMT) en la mayorÃ­a del territorio de MÃ©xico, donde dentro de unas horas se prevÃ© conocer a la persona que sucederÃ¡ al.","elecciones en mÃ©xico 2024 ciudad de mÃ©xico,2 jun(efe).los centros de votaciÃ³n para la elecciÃ³n presidencial cerraron a partir de las 18:00 hora local(00:00 gmt)en la mayorÃ­a del territorio de mÃ©xico,donde dentro de unas horas se prevÃ© conocer a la persona que sucederÃ¡ al.","0","0","0","0"
"Alex ğŸ‡µğŸ‡¸","@fabsmtz82","08:17"," ClaudiaPresidentaDeMÃ©xico2024","claudia serÃ¡ la siguiente presidenta de mÃ©xico en 2024","0","1","0","0"
"Blade Musk","@Blade Musk","21:40","Puro Burro con primaria Trunca vota por el PAN Y PRI.","puro burro con primaria trunca vota por el PAN y pri representado por xochitl.","-1","0","0","0"
"Bryan Ãguila","@bryanaguila","22:47","vamos claudia","vamos claudia","0","1","0","0"
"Maria Fernanda Rivera","@Maria Fernanda Rivera","21:55","Â¿Por quÃ© no hablan de toda la trampa que hubo en las elecciones? ğŸ¥¹.","Â¿por quÃ© no hablan de toda la trampa que hubo en las elecciones?.","0","0","0","-1"
"Juan Antonio Moreno","@JuanitoBannana5","16:01","Nada mejor que un PENDEJO por 6 aÃ±os para incentivar el voto!  EleccionesMÃ©xico2024  XochiltlGÃ¡lvezPresidenta24  XochitlEsEsperanza","nada mejor que un pendejo por 6 aÃ±os para incentivar el voto!elecciones en mÃ©xico 2024 xochitl galvez presidenta 2024 xochitl es esperanza","1","-1","0","0"
"@Omarshariff2021","@Omarshariff2021","13:00"," ClaudiaArrasarÃ¡  MexicoConclaudia sheinbaumbaum  esunhonorestarconobradoryclaudia  EleccionesMÃ©xico2024  CiudadDeMÃ©xico","Claudia arrasarÃ¡ en las votaciones mÃ©xico con Claudia Sheinbaum es un honor estar con Obrador y Claudia elecciones en mÃ©xico 2024 Ciudad de MÃ©xico","0","1","0","0"
"Leonardo Cruz","@LeoCruzGTO","16:01","A pesar de la intensa lluvia, la ciudadanÃ­a no se deja amedrentar y continÃºa ejerciendo su derecho al voto con determinaciÃ³n y valentÃ­a. ğŸ—³ï¸ EleccionesMÃ©xico2024  YaVotÃ©","a pesar de la intensa lluvia,la ciudadanÃ­a no se deja amedrentar y continÃºa ejerciendo su derecho al voto con determinaciÃ³n y valentÃ­a.elecciones en mÃ©xico 2024 ya votÃ©","0","0","0","1"
"La Jija","@laJijasoy","10:53","Â¡Mexicanos! Â¡Afortunadamente las filas son largas! Aunque tengamos que esperar horas para votar.  XochitlGÃ¡lvezPresidenta24  EleccionesMÃ©xico2024","Â¡mexicanos!Â¡afortunadamente las filas son largas!aunque tengamos que esperar horas para votar.xochitl galvez presidenta 2024 elecciones en mÃ©xico 2024","1","0","0","0"
"Andres Hernandez","@AndresH18707932","14:10","Las encuestas de salida hoy en estas elecciones las estan haciendo los propios votantes al estar subiendo el sentido de su voto en las boletas medfiante fotografias, asi que sin lugar a dudas va Ganando MORENA y por mucho y en plan c apoyado por Claudia.  ClaudiaPresidentaDeMÃ©xico2024 ğŸ‡²ğŸ‡½","las encuestas de salida hoy en estas elecciones las estan haciendo los propios votantes al estar subiendo el sentido de su voto en las boleta electoral medfiante fotografias,asÃ­ que sin lugar a dudas va ganando morena y por mucho y en plan c apoyado por claudia.claudia serÃ¡ la siguiente presidenta de mÃ©xico en 2024","0","1","0","0"
"Lorena","@lorenaflores78","18:48","Replying to @ChumelTorres CDMX  EleccionesMÃ©xico2024  ClaraBrugada","replying to chumeltorres Ciudad de MÃ©xico elecciones en mÃ©xico 2024 Clara Brugada","0","0","0","0"
"jorge almendrade","@jorge14998164","10:57","En respuesta a @XochitlGalvez  XochitlGÃ¡lvezPresidenta24","en respuesta a xochitl galvez xochitl galvez presidenta 2024","1","0","0","0"
"Angel Rivera","@angelrivera","22:46","No se cansan de robar y creen que seguirÃ¡n los de Xochitl Gana Claudia sin corrupciÃ³n ni robo !!!","no se cansan de robar y creen que seguirÃ¡n los de xochitl gana claudia sin corrupciÃ³n ni robo!!!","-1","1","0","0"
"Kevin Antonio","@kevinantonio","22:40","gano Claudia","gano claudia","0","1","0","0"
"Yazvel","@yazvel0907","12:43","Por la democracia , la vida y la verdad.  yovotÃ©porxÃ³chitl","por la democracia,la vida y la verdad.ya votÃ© por xochitl","1","0","0","0"
"JepJepstory","@jepjepstory","22:49","morena= pobres conformistas","morena pobres conformistas","0","-1","0","0"
"Mafer Muval","@mafermuval","22:26","XÃ“CHILT NO ESTÃ SOPORTANDO LA DERROTA ğŸ—£","xochitl no estÃ¡ soportando la derrota","-1","0","0","0"
"Gerardo HernÃ¡ndez DÃ¡valos","@Gerardo65456906","14:20","En respuesta a @MaxKaiser75  yavotÃ©porxÃ³chitl  YoVotÃ©PorXÃ³chitl  YoYaVotÃ©XXÃ³chitl  XoxhitlGÃ¡lvezPresidente2024","en respuesta a maxkaiser75 ya votÃ© por xochitl ya votÃ© por xochitl yo ya votÃ© por xochitl xochitl galvez presidenta 2024","1","0","0","0"
"Jorge Siles Rojas","@jsilesr23","15:50","En respuesta a @xochitl Soy Jorge Siles  YoVotÃ©PorXochitl","en respuesta a xochitl soy jorge siles yo votÃ© por xochitl","1","0","0","0"
"Brandon Rendon","@brandonrendon","22:24","arriba mi patrona Claudia","arriba mi patrona claudia","0","1","0","0"
"ğŸ‡²ğŸ‡½ Alfredo Unbreakable ğŸ›¡âš”ï¸ğŸ›¡ï¸ğŸ‘¨ğŸ»ğŸ’¯â¤ï¸ğŸ‡²ğŸ‡½","@Alfred033MX","10:08","El recuerdo de un gobierno que hoy empieza a trascender para las generaciones futuras. Â¡GRACIAS Presidente @Lopez Obrador_ GRACIAS por su legado de la  CuartaTransformaciÃ³n!  ClaudiaPresidentaDeMÃ©xico2024  EsUnHonorLucharConObrador  EsUnHonorEstarConClaudiaHoy","el recuerdo de un gobierno que hoy empieza a trascender para las generaciones futuras.Â¡gracias presidente Lopez Obrador_ gracias por su legado de la 4ta TransformaciÃ³n!claudia serÃ¡ la siguiente presidenta de mÃ©xico en 2024 es un honor luchar con Obrador es un honor estar con Claudia hoy","0","1","0","0"
"ğ“—ğ“®ğ“¬ğ“½ğ“¸ğ“» ğ““ğ“²ğ“ªğ”ƒ","@KenttBlue","15:37","MisiÃ³n cumplida! hoy en la noche hay fiesta.  ClaudiaPresidentaDeMÃ©xico2024  ClaudiaArrasarÃ¡  ClaudiaPresidentaDeMÃ©xico","misiÃ³n cumplida!hoy en la noche hay fiesta.claudia serÃ¡ la siguiente presidenta de mÃ©xico en 2024 Claudia arrasarÃ¡ en las votaciones Claudia serÃ¡ presidenta de MÃ©xico","0","1","0","0"
"John El Mago CambrÃ³n ğŸ§™â€â™‚ï¸","@jcambronb","18:47","Los televisos que estÃ¡n en vivo, vestidos de negro. Ya tambiÃ©n saben quiÃ©n ganÃ³  EleccionesMÃ©xico2024","los televisos que estÃ¡n en vivo,vestidos de negro.ya tambiÃ©n saben quiÃ©n ganÃ³ elecciones en mÃ©xico 2024","0","0","0","0"
"Marcos","@DimeValde","14:46","A salir a votar ğŸ—³ï¸  HoyGanaMexico  EleccionesMÃ©xico2024  MivotoEsParaXochitlGalvez  MiVotoEsParaXÃ³chitl  XochitlGÃ¡lvezPresidenta  VotarEsDeXingones","a salir a votar hoy gana mÃ©xico elecciones en mÃ©xico 2024 mi voto es para xochitl gÃ¡lvez mi voto es para xochitl xochitl gÃ¡lvez serÃ¡ la presidenta votar por xochitl es de chingones","1","0","0","0"
"Carlos Cahuich","@Carlos Cahuich","21:12","Vamos Doctora Claudia, estamos contigo.","vamos doctora claudia,estamos contigo.","0","1","0","0"
"Santiago Sixto Martinez","@santiagosixto","22:37","Morena es igual a masacre y muerta","morena es igual a masacre y muerta","0","-1","0","0"
"Miguel_Mata","@MiguelMataSLP","12:34","Hoy Todo Morena se va a la Sheingada. Vamos MÃ©xico con XÃ³chitl.  EleccionesMÃ©xico2024  YoVotÃ©PorXÃ³chitl  ElecciÃ³nPresidencial","hoy todo morena se va a la sheingada.vamos mÃ©xico con xochitl.elecciones en mÃ©xico 2024 ya votÃ© por xochitl elecciÃ³n presidencial","1","-1","0","0"
"Yo Amo A Maynez ğŸ§¡","@TotalEclipsez","14:36","No te defraude ğŸ§¡ SalÃ­ a votar temprano Y vote por ti por quÃ© yo si quiero un cambio en MÃ©xico Y no me importa si es un voto ese es mÃ­o reynote  EleccionesMÃ©xico2024  YaVotÃ©  maynez","no te defraude salÃ­ a votar temprano y vote por ti por quÃ© yo si quiero un cambio en mÃ©xico y no me importa si es un voto ese es mÃ­o reynote elecciones en mÃ©xico 2024 ya votÃ© maynez","0","0","1","0"
"EL TOÃ‘O","@hijodelnono","18:56"," EleccionesMx2024  EleccionesMexico2024 Es un honor estar con Obrador. Solo el pueblo puede Salvar al pueblo.","elecciones en mÃ©xico 2024 elecciones en mÃ©xico 2024 es un honor estar con obrador.solo el pueblo puede salvar al pueblo.","0","1","0","0"
"Mafer Muval","@mafermuval","22:42","VAMOS CLAUDIAAAAAA","vamos claudiaaaaaa","0","1","0","0"
"Isabel Guerra","@IsabelGuerraMx","09:53","Listo!!! Casillas repletas de gente haciendo fila. Venga MÃ©xico!!!!!  EleccionesMexico2024  XochitlGÃ¡lvezPresidenta","listo!!!casilla electoral repletas de gente haciendo fila.venga mÃ©xico!!!!!elecciones en mÃ©xico 2024 xochitl gÃ¡lvez serÃ¡ la presidenta","1","0","0","0"
"Politinomics_mx","@Politinomics_mx","16:50","6 aÃ±os de este momento histÃ³rico para el paÃ­s, nuclear, asÃ­ describieron los encuestadores la ventaja de @Lopez Obrador_ al cierre de casillas, de ese tamaÃ±o fue su victoria. Â¿Se repetirÃ¡ la historia hoy? Menos de una hora para saber.  EleccionesMÃ©xico2024","6 aÃ±os de este momento histÃ³rico para el paÃ­s,nuclear,asÃ­ describieron los encuestadores la ventaja de Lopez Obrador_ al cierre de casilla electoral,de ese tamaÃ±o fue su victoria.Â¿se repetirÃ¡ la historia hoy?menos de una hora para saber.elecciones en mÃ©xico 2024","0","1","0","0"
"Maria Santos","@mariasantos","22:16","arriba Claudia","arriba claudia","0","1","0","0"
"angÃ©lica ğŸ‡²ğŸ‡½","@rosaangelicacv","14:03"," ClaudiaPresidentaDeMÃ©xico2024  EleccionesMÃ©xico2024 @claudia sheinbaum  6de6","claudia serÃ¡ la siguiente presidenta de mÃ©xico en 2024 elecciones en mÃ©xico 2024 claudia sheinbaum 6de6","0","1","0","0"
"Maria Colonia","@MaraClaraCDMX","08:49","Buenos dÃ­as a los ingenuos que creen que Morena ya es honesto.  XochitlGÃ¡lvezPresidenta","buenos dÃ­as a los ingenuos que creen que morena ya es honesto.xochitl gÃ¡lvez serÃ¡ la presidenta","1","-1","0","0"
"Israel LM ğŸ”» Elizondo ğŸ§‰â˜•ï¸ âš½ï¸","@LmElizondo","16:52","Es fundamental que los perdedores acepten su derrota. No sean como Trump o Bolsonaro.  EleccionesMÃ©xico2024","es fundamental que los perdedores acepten su derrota.no sean como trump o bolsonaro.elecciones en mÃ©xico 2024","0","0","0","0"
"Aliofa","@AlineOfarrill","08:54","@ClaraBrugadaM harÃ¡ historia perdiendo la CDMX.  InundemosLasUrnas","clarabrugadam harÃ¡ historia perdiendo la Ciudad de MÃ©xico.inundemos las urnas","0","0","0","1"
"Victor Gallardo  IsraelTerrorista","@vcruzgallardo","15:22","Que siga la transformaciÃ³n de MÃ©xico,  ClaudiaPresidentaDeMÃ©xico2024","que siga la 4ta TransformaciÃ³n de mÃ©xico,claudia serÃ¡ la siguiente presidenta de mÃ©xico en 2024","0","1","0","0"
"â˜† R â˜…","@PincheRodriGoe","12:59","EchÃ¡ndome el paÃ­s al hombro con  Xochitl. No podÃ­a saberse.  EleccionesMÃ©xico2024","echÃ¡ndome el paÃ­s al hombro con xochitl.no podÃ­a saberse.elecciones en mÃ©xico 2024","1","0","0","0"
"Rogelio GÃ¡lvez","@elrosher","10:59","ConvicciÃ³n, Valores, Ã‰tica, Vida & Familia âœ…ğŸ™ğŸ» @EVerastegui @Adriana69197473 @YadeeBlair  EleccionesMÃ©xico2024  VotoPorMÃ©xico","convicciÃ³n,valores,Ã©tica,vida familia everastegui adriana69197473 yadeeblair elecciones en mÃ©xico 2024 voto por mÃ©xico","0","0","0","1"
"KATHYGODOYğŸğŸ","@KATHYGODOYğŸğŸ","21:21","GanÃ³ el nuevo PRI-AN? Ã“sea Morena! El cambio disfrazado.","ganÃ³ el nuevo pri representado por xochitl han?o sea morena!el cambio disfrazado.","0","-1","0","0"
"El 001","@2g_oscar","12:02","Recuerden, morena solo la que me cuelga.  EleccionesMÃ©xico2024  ElecciÃ³nPresidencial  XochitlGÃ¡lvezPresidenta24","recuerden,morena solo la que me cuelga.elecciones en mÃ©xico 2024 elecciÃ³n presidencial xochitl galvez presidenta 2024","1","-1","0","0"
"RubÃ©n Txarraga","@Ruben_Txarraga","08:18"," YoVotarÃ©PorXÃ³chitl  EleccionesMx2024","yo votarÃ© por xochitl elecciones en mÃ©xico 2024","1","0","0","0"
"Nancy de la Sierra ArÃ¡mburo","@nancydelasa","16:24","Â¡Falta una hora para el cierre de mesas! TodavÃ­a tienes la oportunidad de ejercer tu voto.  EleccionesMÃ©xico2024","Â¡falta una hora para el cierre de mesas!todavÃ­a tienes la oportunidad de ejercer tu voto.elecciones en mÃ©xico 2024","0","0","0","0"
"ELISA  ClaudiaPresidenta","@ericsoncr","09:52","En respuesta a @claudia sheinbaum Que viva la futura presidenta. Dra. Claudia Sheinbaum Pardo Yo le di  VotaTodoMorena  EleccionesMÃ©xico2024  ClaudiaArrasarÃ¡","en respuesta a claudia sheinbaum que viva la futura presidenta.doctora.claudia sheinbaum pardo yo le di vota solamente por MORENA elecciones en mÃ©xico 2024 Claudia arrasarÃ¡ en las votaciones","0","1","0","0"
"ğŸ‡²ğŸ‡½  VivaMexicoConAMLO","@Mashi_Yaz","16:13"," EleccionesMÃ©xico2024 Vamos a ganar la Ciudad de MÃ©xico con @ClaraBrugadaM ğŸ‡²ğŸ‡½ğŸ‡²ğŸ‡½ğŸ‡²ğŸ‡½ğŸ‡²ğŸ‡½","elecciones en mÃ©xico 2024 vamos a ganar la ciudad de mÃ©xico con clarabrugadam","0","0","0","1"
"C Venegas","@venegas_c85","16:19","La moraleja del  sexenio es que a pesar de que no seas apto... con constancia, paciencia y mentiras puedes llegar a donde quieras.  DivideYVenceras @Lopez Obrador_ @jenarovillamil  Mexico  EleccionesMÃ©xico2024  Merida  Yucatan","la moraleja del sexenio es que a pesar de que no seas apto...con constancia,paciencia y mentiras puedes llegar a donde quieras.divide y vencerÃ¡s Lopez Obrador_ jenarovillamil mÃ©xico elecciones en mÃ©xico 2024 mÃ©rida YucatÃ¡n","0","-1","0","0"
"Ana MartÃ­nez","@anylaump","09:46","Mi voto es para @claudia sheinbaum @ClaraBrugadaM  ClaudiaPresidentaDeMÃ©xico2024","mi voto es para claudia sheinbaum clarabrugadam claudia serÃ¡ la siguiente presidenta de mÃ©xico en 2024","0","1","0","0"
"Juana la Loca","@Tere_batis","15:28","En respuesta a @xochitl  YoVotÃ©PorXochitl","en respuesta a xochitl yo votÃ© por xochitl","1","0","0","0"
"Constanza MunguÃ­a","@ConstanzaMungu3","16:56","Ya se dieron cuenta que los bots de morena estÃ¡n ausentes de las redes sociales? Todos estÃ¡n operando como mapaches en las urnas.  EleccionesMÃ©xico2024  YoVotÃ©PorXÃ³chitl","ya se dieron cuenta que los bots de morena estÃ¡n ausentes de las redes sociales?todos estÃ¡n operando como mapaches en las urnas.elecciones en mÃ©xico 2024 ya votÃ© por xochitl","1","-1","0","0"
"Sergio Ãlvarez","@SergioAlvarez4T","08:22","Nunca mÃ¡s un ser nefasto como XÃ³chitl en las boletas.  ClaudiaPresidentaDeMÃ©xico2024","nunca mÃ¡s un hacer nefasto como xochitl en las boleta electoral.claudia serÃ¡ la siguiente presidenta de mÃ©xico en 2024","-1","1","0","0"
"âŒulio","@gamezzoide","10:43"," XochitlGÃ¡lvezPresidenta24  YoYaVotÃ©","xochitl galvez presidenta 2024 yo ya votÃ©","1","0","0","0"
"R Islas","@RIslas7","15:22"," YoVotÃ©PorXÃ³chitl","ya votÃ© por xochitl","1","0","0","0"
"Roberto G. Bejarano","@bejarano579","15:20"," YoVotÃ©PorXÃ³chitl mi presidenta! Vamos a ganar ğŸ™ŒğŸ»","ya votÃ© por xochitl mi presidenta!vamos a ganar","1","0","0","0"
"Jorge Rivera Reyes","@Cimarron98","16:41","En lo que empiezan a llegar los resultados de la  EleccionesMÃ©xico2024, disfruto de un delicioso pozole de camarÃ³n, cortesÃ­a de mi santa madre.","en lo que empiezan a llegar los resultados de la elecciones en mÃ©xico 2024,disfruto de un delicioso pozole de camarÃ³n,cortesÃ­a de mi santa madre.","0","0","0","1"
"Vivi","@viviisg","14:29","Mi limonada dice por quien votÃ© ğŸ¤­  YoVotÃ©PorXÃ³chitl","mi limonada dice por quien votÃ© ya votÃ© por xochitl","1","0","0","0"
"Raphael Escobar","@Raphael Escobar","21:35","No mÃ¡s corrupciÃ³n, no mÃ¡s narco polÃ­tica. Necesitamos soluciones reales, no abrazos sin balazos.","no mÃ¡s corrupciÃ³n,no mÃ¡s narcotraficante polÃ­tica.necesitamos soluciones reales,no abrazos sin balazos.","0","-1","0","0"
"Obsidiana La Gitana","@OvejaPrieta","13:47","3 hrs en la fila de la  casilla, menos mal me fui sombreruda y con la mamalona de la izquierda brasileÃ±a NinguÃ©m solta a mÃ£o de ninguÃ©m y como dirÃ­amos los  MexicanosAlGritoDelVoto Nadie suelta la mano de nadie SE LOGRÃ“  PlanC  ClaudiaPresidentaDeMÃ©xico  EleccionesMÃ©xico2024","3 horas en la fila de la casilla electoral,menos mal me fui sombreruda y con la mamalona de la izquierda brasileÃ±a ninguÃ©m solta a mÃ£o de ninguÃ©m y como dirÃ­amos los mexicanos al grito del voto nadie suelta la mano de nadie se logrÃ³ plan C Claudia serÃ¡ presidenta de MÃ©xico elecciones en mÃ©xico 2024","0","1","0","0"
"â˜†Jojoâ˜†","@jojo","22:19","VAMOS MORENA","vamos morena","0","1","0","0"
"Delfina GÃ³mez A.","@delfinagomeza","16:03","ğŸ—³ï¸ A la ciudadanÃ­a mexiquense que falta por acudir a votar, les invito a cumplir con este deber cÃ­vico, queda todavÃ­a una hora antes del cierre de las casillas. Â¡Acudamos todos a esta cita histÃ³rica con la democracia de MÃ©xico!  EleccionesMÃ©xico2024  EstadoDeMÃ©xico","a la ciudadanÃ­a mexiquense que falta por acudir a votar,les invito a cumplir con este deber cÃ­vico,queda todavÃ­a una hora antes del cierre de las casilla electoral.Â¡acudamos todos a esta cita histÃ³rica con la democracia de mÃ©xico!elecciones en mÃ©xico 2024 estado de mÃ©xico","0","0","0","1"
"Carlos Vian","@Carlos Vian","21:23","Â¡Vamos Claudia! Es quien ganarÃ¡!!! ğŸ‘ğŸ½ğŸ‘ŒğŸ½ğŸ¥³ğŸ˜.","Â¡vamos claudia!es quien ganarÃ¡!!!.","0","1","0","0"
"User","arroba","hora de publicaciÃ³n","publicaciÃ³n","publicaciÃ³n","0","0","0","0"
"ivan","@IvaneskicIvan","15:39","Replying to @bereaguilarv  ClaudiaPresidentaDeMÃ©xico2024","replying to bereaguilarv claudia serÃ¡ la siguiente presidenta de mÃ©xico en 2024","0","1","0","0"
"MartÃ­n J. Garache R.","@MartinGarache","19:59","Replying to @soyfdelrincon  EleccionesMÃ©xico2024 con el 0.46% escrutado Claudia Sheinbaum - 59% XÃ³chitl GÃ¡lvez - 29% Jorge Ãlvarez MÃ¡ynez - 8%","replying to soyfdelrincon elecciones en mÃ©xico 2024 con el 0.46 escrutado claudia sheinbaum 59 xochitl galvez 29 jorge Ã¡lvarez maynez 8","-1","1","-1","0"
"Diario de MÃ©xico","@ddmexico","16:39","ğŸ”´ Mexico|  Chihuahua: Electores en Ciudad JuÃ¡rez acudieron a votar en estas  EleccionesMexico2024 con la expectativa de que el nuevo mandatario o mandataria remedie la crisis humanitaria derivada de la  migraciÃ³n  DiariodeMexico","mÃ©xico chihuahua:electores en ciudad juÃ¡rez acudieron a votar en estas elecciones en mÃ©xico 2024 con la expectativa de que el nuevo mandatario o mandataria remedie la crisis humanitaria derivada de la migraciÃ³n diario de mÃ©xico","0","0","0","-1"
"Fer","@DEAD_XO","15:47"," XÃ³chitlGÃ¡lvezPresidenta Â¡VOTÃ‰ POR MÃ‰XICO! ğŸ‡²ğŸ‡½  ğ˜ğ¨ğ•ğ¨ğ­Ã©ğğ¨ğ«ğ—Ã³ğœğ¡ğ¢ğ­ğ¥ y Â¿tÃº? Â¡Vamos por los ğŸ’¯ posts! Deposita aquÃ­ tu  ğ˜ğ¨ğ•ğ¨ğ­Ã©ğğ¨ğ«ğ—Ã³
Elizabeth,@_G0odGirl_,13min, YoVotÃ©PorXochitl y tambiÃ©n  YoVotÃ©porTaboada Fuera Morena @STaboadaMx","xochitl gÃ¡lvez serÃ¡ la presidentaÂ¡votÃ© por mÃ©xico!yo votÃ© por xochitl yÂ¿tÃº?Â¡vamos por los posts!deposita aquÃ­ tu yo votÃ© por xochitl elizabeth,_g0odgirl_,13min,yo votÃ© por xochitl y tambiÃ©n yo votÃ© por Taboada fuera morena staboadamx","1","-1","0","0"
"HG Noe 991","@noegh991","13:46"," EleccionesMÃ©xico2024 Ya solo 1 hora mÃ¡s para votar por  ClaudiaArrasarÃ¡  morena","elecciones en mÃ©xico 2024 ya solo 1 hora mÃ¡s para votar por Claudia arrasarÃ¡ en las votaciones morena","0","1","0","0"
"Guillermo Barrios ğŸ‡²ğŸ‡½ğŸ‡µğŸ‡¸ğŸ’ªğŸ¼","@MemoBHdz","14:24","MisiÃ³n cumplida, mis compatriotas! ğŸ—³ğŸ‘ğŸ¼ğŸ‡²ğŸ‡½  EleccionesMÃ©xico2024  ClaudiaPresidentaDeMÃ©xico2024  PlanC_YaEstÃ¡EnMarcha","misiÃ³n cumplida,mis compatriotas!elecciones en mÃ©xico 2024 claudia serÃ¡ la siguiente presidenta de mÃ©xico en 2024 el Plan C ya estÃ¡ en marcha","0","1","0","0"
"Linda Sofia. ğŸ‘¸ â˜˜ï¸","@linda_dimitrova","08:35","Los Simpsons lo hicieron de nuevo.  XochitlGÃ¡lvezPresidenta","los simpsons lo hicieron de nuevo.xochitl gÃ¡lvez serÃ¡ la presidenta","1","0","0","0"
"FRANCISCO DIAZ","@paco79qro","15:11"," VotaMÃ©xico2024  XÃ³chitlGÃ¡lvezPresidenta  YoVotÃ©PorXochitl","vota mÃ©xico 2024 xochitl gÃ¡lvez serÃ¡ la presidenta yo votÃ© por xochitl","1","0","0","0"
"Forma y Poder","@formaypoder2024","18:40"," EleccionesMÃ©xico2024 | Con 3 encuestadoras de Puebla, @mario_delgado, dirigente nacional de @PartidoMorenaMx declara que @armentapuebla serÃ¡ el gobernador. ğŸ—³ï¸ VÃ­a @GuarnerosFoto","elecciones en mÃ©xico 2024 con 3 encuestadoras de puebla,mario_delgado,dirigente nacional de partidomorenamx declara que armentapuebla serÃ¡ el gobernador.vÃ­a guarnerosfoto","0","0","0","0"
"Erick Zapata","@ErickZapataH","14:23"," EleccionesMx20224  EleccionesMexico2024  Yovoteporxochitl  XÃ³chitlGalvezPresidenta2024  EsHonorEstarConObrador  XochitlGÃ¡lvezPresidenta  XochitlYaGanÃ³","elecciones en mÃ©xico 2024 elecciones en mÃ©xico 2024 yo votÃ© por xochitl xochitl galvez presidenta 2024 es un honor estar con Obrador xochitl gÃ¡lvez serÃ¡ la presidenta xochitl ya ganÃ³","1","0","0","0"
"Karen Ocampo","@mich_ocampo_","18:39","Es sÃºper antidemocrÃ¡tico dar ganada una elecciÃ³n, cuando aÃºn ni comienza el conteo de votos. TodavÃ­a falta construir mucha democracia a nivel local.  EleccionesMÃ©xico2024  EleccionesLocales","es sÃºper antidemocrÃ¡tico dar ganada una elecciÃ³n,cuando aÃºn ni comienza el conteo de votos.todavÃ­a falta construir mucha democracia a nivel local.elecciones en mÃ©xico 2024 eleccions locales","0","0","0","-1"
"âœ¨Irina Â®ï¸âœ¨","@Irina_Fifi","14:38","6 horas haciendo fila bajo el sol en Cuernavaca. No me importa, valdrÃ¡ la pena.  EleccionesMexico2024","6 horas haciendo fila bajo el sol en cuernavaca.no me importa,valdrÃ¡ la pena.elecciones en mÃ©xico 2024","0","0","0","0"
"chaneque!","@princehump1","09:35"," XochitlGÃ¡lvezPresidenta24  EleccionesMÃ©xico2024","xochitl galvez presidenta 2024 elecciones en mÃ©xico 2024","1","0","0","0"
"Ãlvarez Cesar Machuca Alvarez","@cesarmachuca","22:14","toda mi familia votÃ³ por Claudia cuÃ¡l esconder votas no bromeen","toda mi familia votÃ³ por claudia cuÃ¡l esconder votas no bromeen","0","1","0","0"
"Vanguardia","@vanguardiamx","18:39","Replying to @vanguardiamx â€œÂ¡Carro completo!â€ğŸš¨Mario Delgado asegura ventaja de Morena en gubernaturas de ocho estados.  EleccionesMÃ©xico2024","replying to vanguardiamxÂ¡carro completo!mario delgado asegura ventaja de morena en gobernatura de ocho#Estados.elecciones en mÃ©xico 2024","0","1","0","0"
"Don_Pendejo","@Don_Pendejo","21:46","MÃ©xico venezolano ğŸ—£ğŸ”¥, cada vez mÃ¡s lejos del futuro prometido.","mÃ©xico venezolano,cada vez mÃ¡s lejos del futuro prometido.","0","-1","0","0"
"Peter Herrera ğŸ‡²ğŸ‡½","@PeterHerrera1","15:27","Yo, carro completo!! â˜ğŸ»ğŸ˜ ğŸ‡²ğŸ‡½  ClaudiaPresidentaDeMÃ©xico2024  EsUnUnHonorEstarConObrador @MorenaCiudadMex @PartidoMorenaMx","yo,carro completo!!claudia serÃ¡ la siguiente presidenta de mÃ©xico en 2024 es un honor estar con Obrador morenaciudadmex partidomorenamx","0","1","0","0"
"Raul Diaz Diez","@rauldiazdiez","08:36","LlegÃ³ la hora, salgamos a votar.  YoVotarePorXÃ³chitl","llegÃ³ la hora,salgamos a votar.yo votarÃ© por xochitl","1","0","0","0"
"Grupo FÃ³rmula","@Radio_Formula","18:30","Desde calcetines con la cara de AMLO hasta muÃ±ecos â€˜big sizeâ€™: AsÃ­ la 'merchtransformadoraâ€™ en el ZÃ³calo capitalino.","desde calcetines con la cara de amlo hasta muÃ±ecos gran size:asÃ­ la merchtransformadora en el zÃ³calo capitalino.","0","1","0","0"
"UNE MÃ©xico","@unemexico_","08:14","En @BJAlcaldia la gente puntual a fiesta democrÃ¡tica.  InundemosLasUrnas","en bjalcaldia la gente puntual a fiesta democrÃ¡tica.inundemos las urnas","0","0","0","1"
"Ferchis Carstairs (Taylorâ€™s version)","@Fer_waverly","18:27","La Ãºnica defensa que tienen los chairos es el odio: te odio porque tÃº tienes mÃ¡s que yo, porque aspiras a mÃ¡s que yo, porque tÃº has tenido mÃ¡s oportunidades que yo. Y Justo por eso son las marionetas de palacio nacional. Y quÃ© lÃ¡stima dan.  EleccionesMÃ©xico2024","la Ãºnica defensa que tienen los chairos es el odio:te odio porque tÃº tienes mÃ¡s que yo,porque aspiras a mÃ¡s que yo,porque tÃº haz tenido mÃ¡s oportunidades que yo.y justo por eso son las marionetas de palacio nacional.y quÃ© lÃ¡stima dan.elecciones en mÃ©xico 2024","0","-1","0","0"
"Slotnik Jeshua","@josharellano","16:37","Yo yendo por mi sexto cafÃ© al OXXO despuÃ©s de votar  EleccionesMÃ©xico2024","yo yendo por mi sexto cafÃ© al oxxo despuÃ©s de votar elecciones en mÃ©xico 2024","0","0","0","1"
"RamÃ³n Alvarez ğŸ‡²ğŸ‡½","@ReymonflowMusic","15:17","Debido a que ningÃºn candidato en la contienda presidencial representa mis valores y principios, e decidido votar por @EVerastegui como candidato no registrado, pues el Ãºnico que representa mis valores, principios e ideales polÃ­ticos.  YaVotÃ©  EleccionesMÃ©xico2024","debido a que ningÃºn candidato en la contienda presidencial representa mis valores y principios,e decidido votar por everastegui como candidato no registrado,pues el Ãºnico que representa mis valores,principios e ideales polÃ­ticos.ya votÃ© elecciones en mÃ©xico 2024","0","0","0","-1"
"Daniel Marquez","@Daniel Marquez","21:12","57% dice el INE para Claudia!!!!!!","57 dice el INE para claudia!!!!!!","0","1","0","0"


302-481