Palabra,Nivel de Intensidad,Sentimiento Asociado,Categor√≠a,Comentarios
chairo,3,negativo,insulto,t√©rmino despectivo contra votantes de izquierda
fifi,3,negativo,insulto,t√©rmino usado contra votantes de derecha
asqueroso,4,negativo,adjetivo,t√©rmino coloquial usado para describir desagrado.
mam√≥n,3,negativo,insulto,usado para descalificar.
xd,1,neutral,jerga juvenil,expresi√≥n sarc√°stica de redes sociales.
alv,3,negativo,jerga vulgar,expresi√≥n fuerte en redes sociales.
gelatinera,4,negativo,apodo,se refiere despectivamente a un x√≥chitl.
verga,4,negativo,jerga vulgar,expresi√≥n fuerte usada como exclamaci√≥n.
botarga,3,negativo,apodo,usado como burla hacia un pol√≠tico.
guajolotera,3,negativo,insulto coloquial,usado para desacreditar a una xochitl.
bla,2,negativo,jerga,expresi√≥n para denotar falta de contenido o propuestas.
madrina,4,negativo,jerga,"usado como sin√≥nimo de "golpiza" o derrota verbal
jaladas,3,negativo,jerga,cr√≠tica a ideas o acciones consideradas absurdas.
cartelones,2,negativo,met√°fora,se refiere a carteles usados de manera inapropiada en debates.
loca,3,negativo,insulto,usado para desacreditar a un candidato.
payasadas,3,negativo,jerga,se refiere a actos rid√≠culos o teatrales.
arguenderas,4,negativo,jerga,despectivo hacia mujeres que discuten mucho.
gelatinas,4,negativo,apodo,referencia despectiva hacia un candidato.
surrada,4,negativo,jerga,insulto fuerte para criticar moral o antecedentes de alguien.
ctm,4,negativo,abreviaci√≥n,expresi√≥n coloquial vulgar.
chingue,3,negativo,expresi√≥n de molestia,cr√≠tica intensa y repetitiva.
frita,2,negativo,jerga,despectivo; implica que alguien ya est√° derrotado.
mierda,3,negativo,expresi√≥n vulgar,reacci√≥n intensa hacia las opciones pol√≠ticas.
pendejo,4,negativo,insulto,generalmente dirigido a personas sin capacidad cr√≠tica
payaso,2,negativo,jerga, expresi√≥n para referirse a alguien que es sarc√°stico
pinocha,3,negativo,insulto,"modificaci√≥n ir√≥nica para "mentirosa"
mmd,3,negativo,insulto,"abreviatura de "mamada"
caca,3,negativo,expresi√≥n coloquial,cr√≠tica agresiva en debates
pancartitas,2,neutral,jerga,cr√≠tica a estrategias visuales en debates
pedas,3,negativo,jerga,referencia a eventos de poco impacto o irrelevantes
tranza,2,negativo,jerga,referente a un acto de corrupci√≥n
whitexican,4,negativo,jerga,despectivo hacia clase privilegiada o aspiracional
cagada,3,negativo,expresi√≥n coloquial,cr√≠tica agresiva durante debates
chido,3,positivo,expresi√≥n,algo que es bueno
cool,3,positivo,expresi√≥n,algo que es bueno
pendejada,3,negativo,expresi√≥n coloquial,referencias a errores percibidos en debates.
mamada,3,negativo,insulto,expresi√≥n utilizada para criticar discursos.
chicharo,2,negativo,objeto,acusaci√≥n de uso para recibir ayuda en debates.
jodido,3,negativo,expresion,critica las limitaciones.
mames,3,negativo,expresi√≥n,expresi√≥n de descontento
mms,3,negativo,contracci√≥n,contracci√≥n de no mames
chisme,2,negativo,expresi√≥n coloquial,cr√≠tica a la falta de contenido en los debates.
pleito,2,negativo,jerga,comparaci√≥n de debates con discusiones triviales.
meco,3,negativo,insulto,descalificaci√≥n a la juventud o falta de seriedad.
vrg,4,negativo,jerga vulgar,"contracci√≥n de "verga"
tonter√≠a,1,negativo,jerga,ligero insulto para calificar algo sin importancia.
chingada,5,negativo,insulto,fuerte expresi√≥n de enojo o rechazo.
mama,3,negativo,insulto,expresi√≥n vulgar y despectiva.
madres,3,negativo,jerga,usado para intensificar una expresi√≥n.
culo,4,negativo,insulto,fuerte expresi√≥n de confrontaci√≥n.
fachos,2,negativo,jerga,t√©rmino peyorativo hacia personas de derecha.
chingar,5,negativo,insulto,fuerte expresi√≥n de rechazo hacia morena.
putito,4,negativo,insulto,t√©rmino despectivo usado en redes sociales.
chsm,5,negativo,insulto,fuerte insulto contra opositores pol√≠ticos.
ratas,3,negativo,jerga,usado para referirse a pol√≠ticos corruptos.
pinche,3,negativo,jerga,expresi√≥n com√∫n usada en tono despectivo.
chsptm,5,negativo,insulto,abreviaci√≥n ofensiva.
ching√≥n,2,positivo,jerga,t√©rmino coloquial para describir algo o alguien excelente.
cringe,1,negativo,jerga,expresi√≥n moderna para describir algo inc√≥modo o vergonzoso.
banda,1,neutral,jerga,referencia coloquial a un grupo de amigos o personas.
bots,2,negativo,jerga,t√©rmino usado para referirse a cuentas automatizadas o personas percibidas como falsas en redes sociales.
naco,4,negativo,insulto,t√©rmino despectivo para describir a alguien sin refinamiento
hdp,5,negativo,insulto,abr. de hijo de puta
berrinche,3,negativo,cr√≠tica hacia sectores,
ardido,3,negativo,expresi√≥n coloquial,usada para referirse a opositores molestos.
mexinzuela,5,negativo,apodo,referencia despectiva a una supuesta crisis en m√©xico.
gay,5,negativo,insulto,expresi√≥n homof√≥bica ofensiva.
payasita,4,negativo,insulto,cr√≠tica hacia la oposici√≥n.
hambreado,4,negativo,jerga,usado peyorativamente para describir a personas percibidas como vulnerables.
cabron,4,negativo,insulto,usado como groser√≠a fuerte tambi√©n puede ser coloquial en algunos contextos.
idiota,3,negativo,insulto,cr√≠tica a la inteligencia de alguien.
imbecil,4,negativo,Insulto,despectivo hacia alguien considerado incapaz.
joto,5,negativo,Insulto homof√≥bico,usado para discriminar en contextos despectivos.
carajo,2,negativo,exclamaci√≥n,usado para resaltar el enojo conra algo
ma√±a,3,negativo,sin√≥nimo,sin√≥nimo de trampa
mochitl,0,neutral,mala escritura,mala escritura del nombre x√≥chitl
4ta,0,neutral,acronimo,acr√≥nimo de 4ta transformaci√≥n
madre,3,negativo,insulto,insulto despectivo para ofender
ca√±o,2,negativo,expresion coloquial,manera de referirse a algo mal realizado
buh,3,negativo,expresion,abucheo
pedo,2,negativo,expresion coloquial,problema
wooow,0,neutral,expresion,asombro
cochitl0,0,neutral,mala escritura,mala escritura del nombre x√≥chitl
pinche,3,negativo,insulto,adjetivo a una cosa o persona
xocho,0,neutral,mala escritura,mala escritura del nombre x√≥chitl
xochilt,0,neutral,mala escritura,mala escritura del nombre x√≥chitl
xochi,0,neutral,mala escritura,mala escritura del nombre x√≥chitl
xochicles,3,negativo,mala escritura,mala escritura del nombre x√≥chitl
xochilindrina,4,negativo,mala escritura,mala escritura del nombre x√≥chitl
xoclil,0,neutral,mala escritura,mala escritura del nombre x√≥chitl
xhochilt,0,neutral,mala escritura,mala escritura del nombre x√≥chitl
chochil,0,neutral,mala escritura,mala escritura del nombre x√≥chitl
mc,0,neutral,partido pol√≠tico,partido pol√≠tico de movimiento ciudadano
4t,0,neutral,acronimo,acr√≥nimo de 4ta transformaci√≥n
xichitl,0,neutral,mala escritura,mala escritura del nombre x√≥chitl
pt,0,neutral,acronimo,acr√≥nimo de partido del trabajo
verde,0,neutral,acronimo,acr√≥nimo de partido verde
carajo,3,negativo,insulto,
chochi,0,neutral,mala escritura,mala escritura del nombre x√≥chitl
cochi,0,neutral,mala escritura,mala escritura del nombre x√≥chitl
galvez,0,neutral,apellido,apellido de la candidata x√≥chitl
cotchil,0,neutral,mala escritura,mala escritura del nombre x√≥chitl
izquierda,0,neutral,facci√≥n pol√≠tica,facci√≥n que representa claudia
derecha,0,neutral,facci√≥n pol√≠tica,facci√≥n que representa claudia
pior,3,negativo,mala escritura,peor
maines,0,neutral,mala escritura,mala escritura de maynez
mainers,0,neutral,mala escritura,mala escritura de maynez
Shochi,0,neutral,mala escritura,mala escritura del nombre x√≥chitl
shein,0,neutral,mala escritura,mala escritura del nombre x√≥chitl
sheimbaum,0,neutral,mala escritura,mala escritura del nombre x√≥chitl
sheib,0,neutral,mala escritura,mala escritura del nombre x√≥chitl
sheimbaum,0,neutral,mala escritura,mala escritura del nombre x√≥chitl
sheimbaum,0,neutral,mala escritura,mala escritura del nombre x√≥chitl
sheimbaun,0,neutral,mala escritura,mala escritura del nombre x√≥chitl
sheinbaum,0,neutral,mala escritura,mala escritura del nombre x√≥chitl
sheinbawn,0,neutral,mala escritura,mala escritura del nombre x√≥chitl
shembao,0,neutral,mala escritura,mala escritura del nombre x√≥chitl
sheiumban,0,neutral,mala escritura,mala escritura del nombre x√≥chitl
shemba,0,neutral,mala escritura,mala escritura del nombre x√≥chitl
maines,0,neutral,mala escritura,mala escritura de maynez
mainis,0,neutral,mala escritura,mala escritura de maynez
maynes,0,neutral,mala escritura,mala escritura de maynez
maynez,0,neutral,buena escritura,buena escritura de maynez
pan,0,neutral,partido pol√≠tico,partido pol√≠tico de oposici√≥n
pri,0,neutral,partido pol√≠tico,partido pol√≠tico de oposici√≥n
prd,0,neutral,partido pol√≠tico,partido pol√≠tico de oposici√≥n
prian,3,negativo,alianza de partidos pol√≠ticos,acr√≥nimo negativo de partidos de oposici√≥n
prianrd,3,negativo,alianza de partidos pol√≠ticos,acr√≥nimo negativo de partidos de oposici√≥n
prianrdmc,3,negativo,alianza de partidos pol√≠ticos,acr√≥nimo negativo de partidos de oposici√≥n
sochil,0,neutral,mala escritura,mala escritura del nombre x√≥chitl
morena,0,neutral,partido pol√≠tico,partido pol√≠tico representado por Claudia
naranja,0,neutral,partido pol√≠tico,partido pol√≠tico representado por Maynez
c,0,neutral,iniciativa pol√≠tica,iniciativa pol√≠tica apoyada por Claudia
planc,0,neutral,iniciativa pol√≠tica,iniciativa pol√≠tica apoyada por Claudia
fosfo,3,positivo,emblema pol√≠tico,emblema de la campa√±a de Maynez
#AHORA:,,,,
#ATENCI√ìN,,,,
#Agenda2024,,,,
#Agenda2030,,,,
#Ahora,,,,
#AlMomento,,,,
#AlMomentoüö®|,,,,
#AmorConAmorSePaga,,,,
#Aproximidad,,,,
#CDMX,,,,
#CirculaEnRedes,,,,
#ClaudiaArrasar√°,,,,
#ClaudiaPresidenta2024,,,,
#ClaudiaPresidentaDeMexico2024,,,,
#ClaudiaPresidentaDeM√©xico,,,,
#ClaudiaPresidentaDeM√©xico2024,,,,
#ClaudiaPresidentaDeM√©xico2024,,,,
#ClaudiaPrimeraPresidenta,,,,
#CoberturaElectoral,,,,
#CoberturaEspecial,,,,
#CoberturaTotal,,,,
#ConMiVotoTeDoyLasGraciasAmlo,,,,
#Destino2024|,,,,
#DharmaVision:,,,,
#EjeElectoral2024,,,,
#ElDato,,,,
#Elecciones,,,,
#Elecciones2024,,,,
#Elecciones2024MX,,,,
#Elecciones2024Mx,,,,
#EleccionesEdomex2024,,,,
#EleccionesMexico2024,,,,
#EleccionesMx20224,,,,
#EleccionesMx2024,,,,
#EleccionesM√©xico,,,,
#EleccionesM√©xico2024,,,,
#EleccionesM√©xico2024,,,,
#EleccionesM√©xico2024.,,,,
#EleccionesM√©xico2024:,,,,
#Eleccionesalmomento,,,,
#En2024Eliges,,,,
#Encuestas,,,,
#Enterate,,,,
#EsClaudiaPresidentaDeM√©xico,,,,
#EsUnHonorEstarConObrador,,,,
#Estados,,,,
#Hastaahoraüßê,,,,
#Internacional,,,,
#InundemosLasUrnas,,,,
#JalpadeM√©ndez,,,,
#LO√öLTIMO,,,,
#LlegamosJuntas,,,,
#Madrid,,,,
#MetroBus,,,,
#MiVotoEsDeAgradecimientoAmlo,,,,
#Misi√≥nCumplida,,,,
#M√©xico,,,,
#Nacional,,,,
#Oaxaca,,,,
#PAN,,,,
#PRIANCorrupto,,,,
#PlanC,,,,
#PlanC_YaEst√°EnMarcha,,,,
#Plan_C,,,,
#ProtegeTuVoto,,,,
#PueblaYaDecidi√≥,,,,
#QuintanaRoo,,,,
#Reporte,,,,
#ReporteRMx,,,,
#Ruta2024,,,,
#TODOMORENA,,,,
#Taboada,,,,
#TaboadaJefedeGobierno,,,,
#TiempoDeMujeres,,,,
#TodoMorena,,,,
#TodosVotan,,,,
#TuVoto2024,,,,
#Tuxtepec,,,,
#UltimaHora,,,,
#Urgente,,,,
#Vota,,,,
#VotaM√©xico2024,,,,
#VotaPorM√©xico,,,,
#VotaTodoMorena,,,,
#VotaXing√≥n,,,,
#VotarSalvaAM√©xico,,,,
#VotoMasivoMorenaPTyPV,,,,
#VotoPorM√©xico,,,,
#XochitlALV,,,,
#XochitlGalvezPresidenteDeMƒóxico,,,,
#XochitlG√°lvezPresidenta,,,,
#XochitlG√°lvezPresidenta,,,,
#XochitlG√°lvezPresidenta24,,,,
#XochitlYaGan√≥,,,,
#XoxhitlG√°lvezPresidente2024,,,,
#X√≥chitlG√°lvezPresidenta,,,,
#X√≥chitlG√°lvezPresidenta,,,,
#X√≥chitlG√°lvezPresidenta,,,,
#YaVot√©,,,,
#YoVotarePorX√≥chitl,,,,
#YoVotar√©PorX√≥chitl,,,,
#YoVotePorXochitl,,,,
#YoVotePorXochitl,,,,
#YoVotePorX√≥chitl,,,,
#YoVotePorX√≥chitl,,,,
#YoVotoMorena,,,,
#YoVot√©PorXochitl,,,,
#YoVot√©PorXochitl,,,,
#YoVot√©PorX√≥chitl,,,,
#YoVot√©PorX√≥chitl,,,,
#YoYaVot√©PorXochitl,,,,
#YoYaVot√©XX√≥chitl,,,,
#YovoteporXochitl,,,,
#fraude,,,,
#votaciones2024,,,,
#yavot√©porx√≥chitl,,,,
#yovotoporxochitl,,,,
#yovot√©porx√≥chitl,,,,
#yovot√©porx√≥chitl,,,,
#√öLTIMAHORA,,,,
#√öltimaHora,,,,
#√öltimahora,,,,
#ùêòùê®ùêïùê®ùê≠√©ùêèùê®ùê´ùêó√≥ùêúùê°ùê¢ùê≠ùê•,,,,
#Elecci√≥nPresidencial,,,,
#Elecci√≥nPresidencial,,,,
#Elecci√≥nPresidencial,,,,
üìå#ATENCI√ìN,,,,
üî¥#Mexico|,,,,
üó≥Ô∏è#EleccionesM√©xico2024:,,,,
üó≥Ô∏è#Urna2024:,,,,
üö®#AlertaADN,,,,
#,,,,
##XochitlG√°lvezPresidenta24,,,,
#2DeJunio,,,,
#2DeJunio,,,,
#2Jun24,,,,
#2deJunio,,,,
#2dejunio,,,,
#35porClaudia,,,,
#4T,,,,
#4T!,,,,
#4T,,,,
#4taTransformacion,,,,
#4taTransformaci√≥n,,,,
#4taTransformaci√≥n,,,,
#4transformaci√≥n,,,,
#6de6,,,,
#ABCDNoticias,,,,
#AGS,,,,
#AMLO,,,,
#AMLOElMejorPresidente,,,,
#AMLOLujoDePresidente,,,,
#AMLOYClaudiaSonLaMuerte,,,,
#AMLOelMejorPresidenteDelMundo,,,,
#AMLOlidermundial,,,,
#ARPregunta,,,,
#AbreLosOjos,,,,
#Acapulco,,,,
#Acci√≥nNacional,,,,
#ActasCapturadas,,,,
#Acustik,,,,
#Ags,,,,
#Aguascalientes,,,,
#AhoraTabasco,,,,
#AlAire,,,,
#AlMomento,,,,
#AlMomento:,,,,
#Alcalde,,,,
#Almomento,,,,
#AlvarezMaynez,,,,
#Amexinoticias,,,,
#Amlo,,,,
#AmloElMejorPresidenteDelMundo,,,,
#AmloEsLaFuerzaDelAmor,,,,
#AmloEsLaFuerzaDelAmor,,,,
#AmloEsParaSiempre,,,,
#AmoAMexico,,,,
#AmorConAmorSePaga,,,,
#AmorConAmorSePaga,,,,
#ArmentaGobernador,,,,
#Azc4poTzalco,,,,
#Azcapotzalco,,,,
#BajaCalifornia,,,,
#BloqueoReforma,,,,
#Bloqueos,,,,
#BonillaAlcaldeCUU,,,,
#Brutarga,,,,
#BuenDomingo,,,,
#ByeByeMorena,,,,
#ByeByeMorena,,,,
#CDMX,,,,
#CDMX,,,,
#CDMX).,,,,
#CDMX.,,,,
#CDMX;,,,,
#CHASPM,,,,
#COMUNICANTEMX,,,,
#COVID19.,,,,
#Canal10,,,,
#Cancun,,,,
#Candidata,,,,
#Candidatos2024,,,,
#CarroCompletoMorena,,,,
#CasaDeLasLetras,,,,
#Casilla24,,,,
#CasillaEspecial,,,,
#CdDelCarmen,,,,
#CdVictoria.,,,,
#Celaya,,,,
#ChairoHastaLasChanclas.,,,,
#Chicago,,,,
#Chihuahua:,,,,
#CierreDeCampa√±a.,,,,
#CitlaHM,,,,
#CiudadDeM√©xico,,,,
#CiudadDeM√©xico.,,,,
#CiudadJu√°rez,,,,
#Clara,,,,
#ClaraBrugada,,,,
#ClaraBrugadaJefaDeGobierno,,,,
#ClaraBrugadaJefaDeGobierno,,,,
#ClaraJefaDeGobierno,,,,
#ClaraJefaDeGobierno,,,,
#ClaraTriunfadora,,,,
#Claudia,,,,
#ClaudiaArrasa,,,,
#ClaudiaArrasa,,,,
#ClaudiaArrasar√°,,,,
#ClaudiaArrasar√°,,,,
#ClaudiaArrasar√°,,,,
#ClaudiaArrazar√°,,,,
#ClaudiaEsUnPeligroParaMx,,,,
#ClaudiaEsUnPeligroParaM√©xico,,,,
#ClaudiaPresidenta,,,,
#ClaudiaPresidenta,,,,
#ClaudiaPresidenta2024,,,,
#ClaudiaPresidenta2024,,,,
#ClaudiaPresidentaDeMexico,,,,
#ClaudiaPresidentaDeMexico2024,,,,
#ClaudiaPresidentaDeMexico2024,,,,
#ClaudiaPresidentaDeM√©xico,,,,
#ClaudiaPresidentaDeM√©xico,,,,
#ClaudiaPresidentaDeM√©xico2024,,,,
#ClaudiaPresidentaDeM√©xico2024,,,,
#ClaudiaPresidentaDeM√©xico2024,,,,
#ClaudiaPresidentaDeM√©xico2024.,,,,
#ClaudiaPresidente2024,,,,
#ClaudiaPrimeraPresidenta,,,,
#ClaudiaSheimbaumPresidenta,,,,
#ClaudiaSheinbaum,,,,
#ClaudiaSheinbaum,,,,
#ClaudiaSheinbaumPresidenta,,,,
#ClaudiaSheinbaumPresidenta?,,,,
#ClaudiaSheinbaumPresidentaDeMexico2024,,,,
#ClaudiaYaEresPresidenta,,,,
#ClaudiaYaEresPresidenta,,,,
#ClaudiaesPatria,,,,
#CoberturaNVI,,,,
#CoberturaTotal,,,,
#CochitlGalvez.,,,,
#ComunicanteMX,,,,
#CoracytNoticias,,,,
#CortInformativo,,,,
#Coyoac√°n,,,,
#Cuajimalpa,,,,
#CuartaTransformaci√≥n,,,,
#CuartaTransformaci√≥n!,,,,
#CubazuelaDelNorte,,,,
#CuentenleBien,,,,
#Democracia,,,,
#Destino2024,,,,
#DiariodeMexico,,,,
#DiariodeMexico,,,,
#DivideYVenceras,,,,
#Domingo,,,,
#ENVIVO,,,,
#EdoMex,,,,
#EdoM√©x.,,,,
#Edomex,,,,
#Edomex.,,,,
#Edomex?,,,,
#Edom√©x,,,,
#EduardoRivera,,,,
#ElCambioViene,,,,
#ElPRIANPRDNoMeRepresenta,,,,
#ElPRIANPRDNoVa,,,,
#ElPRIANYaChing√≥ASuMadre,,,,
#ElPuebloManda,,,,
#Elcciones2024,,,,
#EleccionPresidencial,,,,
#EleccionPresidencial2024,,,,
#EleccionPresidencial2024,,,,
#Elecciones,,,,
#Elecciones,,,,
#Elecciones2024,,,,
#Elecciones2024,,,,
#Elecciones2024?,,,,
#Elecciones2024MX,,,,
#Elecciones2024MX,,,,
#Elecciones2024Mx,,,,
#Elecciones2024Mx,,,,
#Elecciones2024RS,,,,
#Elecciones2024mx,,,,
#EleccionesAhora,,,,
#EleccionesEdomex,,,,
#EleccionesEdomex2024,,,,
#EleccionesEnELPA√çS,,,,
#EleccionesHidalgo,,,,
#EleccionesHidalgo,,,,
#EleccionesLocales,,,,
#EleccionesMX2024,,,,
#EleccionesMX2024,,,,
#EleccionesMexico2024,,,,
#EleccionesMexico2024,,,,
#EleccionesMx2024,,,,
#EleccionesMx2024,,,,
#EleccionesM√©xico,,,,
#EleccionesM√©xico,,,,
#EleccionesM√©xico2024,,,,
#EleccionesM√©xico2024!,,,,
#EleccionesM√©xico2024,,,,
#EleccionesM√©xico2024,,,,
#EleccionesM√©xico2024.,,,,
#EleccionesM√©xico2024.,,,,
#EleccionesM√©xico2024üá≤üáΩ,,,,
#EleccionesM√©xico2024üíó,,,,
#EleccionesM√©xico24,,,,
#EleccionesOaxaca2024.,,,,
#EleccionesPresidenciales,,,,
#EleccionesQuer√©taro,,,,
#EleccionesconS√≠ntesis,,,,
#Elecci√≥nPresidencial,,,,
#Elecci√≥nPresidencial,,,,
#ElectionsDay,,,,
#Elige2024,,,,
#Elige2024,,,,
#ElijoCreer,,,,
#En2024Eliges,,,,
#EnEquipoEsMejor,,,,
#EnVivo!,,,,
#EnVivo,,,,
#EncuestaDeSalida,,,,
#EnfoqueElectoral2024,,,,
#Ensenada,,,,
#Enterate,,,,
#EsClaudia,,,,
#EsClaudiaPresidenta2024,,,,
#EsClaudiaPresidenta2024,,,,
#EsClaudiaPresidentaDeM√©xico,,,,
#EsClaudiaPresidentaDeM√©xico,,,,
#EsHonorEstarConObrador,,,,
#EsHoraDeVotar,,,,
#EsPorM√©xico!!!,,,,
#EsUnHonorEstarConClaudiaHoy,,,,
#EsUnHonorEstarConClaudiaHoy!!!__,,,,
#EsUnHonorEstarConClaudiaHoy,,,,
#EsUnHonorEstarConObrador,,,,
#EsUnHonorEstarConObrador!,,,,
#EsUnHonorEstarConObrador,,,,
#EsUnHonorEstarConObradorYClaudia,,,,
#EsUnHonorLucharConObrador,,,,
#EsUnUnHonorEstarConObrador,,,,
#EstadoDeM√©xico,,,,
#F1,,,,
#F1,,,,
#FALSA.,,,,
#Fake,,,,
#FelizDomingo,,,,
#FelizDomingo,,,,
#FueraGobiernoRateroyCorrupto,,,,
#FueraLosCriminalesDeMORENA,,,,
#FueraMorena,,,,
#FueraMorena,,,,
#FueraMorenaYLopez2024,,,,
#Fueramorena,,,,
#FuerzaYCorazonXM√©xico,,,,
#FuerzayCoraz√≥nporM√©xico,,,,
#FuncionarioDeCasilla,,,,
#F√≥rmula1,,,,
#GacetaM√©xico,,,,
#Ganadora,,,,
#Ganamos,,,,
#GarciaLuna,,,,
#GigaNathi,,,,
#GraciasAMLO,,,,
#GraciasAMLO,,,,
#GraciasPorTanto,,,,
#GraciasPorTodo,,,,
#Guanajuato,,,,
#Guanajuato,,,,
#Guerrero,,,,
#HIDALGO,,,,
#HalaMadrid,,,,
#HastaEncontarles,,,,
#HastaLaVictoria,,,,
#HeraldoMu√±oz,,,,
#Houston,,,,
#HoyGanaMexico,,,,
#HoyVotoPorX√≥chitl,,,,
#HuachoGobernador,,,,
#Huitzilac,,,,
#INE,,,,
#INE,,,,
#INEMexico,,,,
#INEM√©xico,,,,
#INEM√©xico,,,,
#Illinois,,,,
#InundemosLasUrnas,,,,
#InundemosLasUrnas,,,,
#Inundemoslasurnas,,,,
#Iztapalapa.,,,,
#JLMNoticias,,,,
#Jalisco,,,,
#Jalisco,,,,
#JarochosConPepe,,,,
#Jes√∫sHern√°ndez,,,,
#Jiquipilco,,,,
#JorgeMedrano,,,,
#JornadaElectoral,,,,
#JornadaElectoral2024,,,,
#JuntosHaremosHistoria,,,,
#Juriquilla.,,,,
#LA,,,,
#La4taDe5taSeACABO,,,,
#LaFuerzaDeTuVoto,,,,
#LaFuerzaDeTuVoto,,,,
#LaListaNews,,,,
#LaRutaEsClara,,,,
#LaVictoriaConClaudia,,,,
#LaloGobernador,,,,
#Latinos,,,,
#Linea4,,,,
#LlegamosTodas,,,,
#LosBotsNoVotan,,,,
#Losbotsnovotan,,,,
#META2024,,,,
#MEXICO,,,,
#MORENA,,,,
#MORENA2024,,,,
#MORENA2024,,,,
#MXSinMiedo,,,,
#Madrid,,,,
#Mainez,,,,
#MarcaPersonal,,,,
#MareaRosa,,,,
#MareaRosaConX√≥chitl,,,,
#MareaRosaConX√≥chitl,,,,
#Matehuala,,,,
#MatrixTelevisionMx,,,,
#Maynez,,,,
#MenosPeor.,,,,
#Merida,,,,
#Merida.,,,,
#MetroBusCDMX,,,,
#MexicanosAlGritoDelVoto,,,,
#Mexico,,,,
#Mexico,,,,
#Mexico,,,,
#Mexico.,,,,
#Mexico2024,,,,
#MexicoCity,,,,
#MexicoConClaudiaSheinbaum,,,,
#MexicoConClaudiaSheinbaum,,,,
#MexicoConXochitl,,,,
#MexicoConX√≥chitlG√°lvez,,,,
#MexicoConX√≥chitlG√°lvez,,,,
#MexicoDespert√≥,,,,
#MexicoDespert√≥üíó,,,,
#MexicoDespierta,,,,
#MexicoLibre,,,,
#MexicoLibreüíó,,,,
#MexicoMereceM√°s,,,,
#MexicoMereceM√°süíó,,,,
#MexicoNoSeraComunista,,,,
#MexicoSinMiedo,,,,
#MexicoSinMiedo,,,,
#MexicoVaConX,,,,
#MexicoXingon,,,,
#MiVotoEsParaX√≥chitl,,,,
#MiVotoEsParaX√≥chitl,,,,
#MiVotoPorXochitl,,,,
#Michoac√°n.,,,,
#MisionOCAIDC,,,,
#MivotoEsParaXochitlGalvez,,,,
#MivotoEsParaXochitlGalvez,,,,
#Monterrey,,,,
#Morelia,,,,
#Morena,,,,
#Morena,,,,
#Morena,,,,
#MorenaAChingarASuMadre,,,,
#MorenaDestruyendoMexico,,,,
#MorenaVa,,,,
#MorenaVa,,,,
#MorenaYaSeVa,,,,
#MorenaYaSevan,,,,
#MovimientoCiudadano,,,,
#MueraMorena,,,,
#MxSinMiedo,,,,
#MxSinMiedoYConX,,,,
#M√°ynez,,,,
#M√©xico,,,,
#M√©xico,,,,
#M√©xico,,,,
#M√©xico.,,,,
#M√©xico2024,,,,
#M√©xicoreazuelaDelNorte,,,,
#M√©xicovota2024,,,,
#NY,,,,
#Nacional,,,,
#NahleGobernadora,,,,
#NarcoCandidata,,,,
#NarcoCandidataClaudia100,,,,
#NarcoCandidataClaudia68,,,,
#NarcoMorena.,,,,
#NarcoPRIAN,,,,
#NarcoPresidente,,,,
#NarcoPresidenteAML061,,,,
#NarcoPresidenteAMLO101,,,,
#NarcoPresidenteAMLO80,,,,
#NiUnSoloVotoPorMORENA,,,,
#NiUnVotoALaDerecha,,,,
#NiUnVotoALasRatasDelPrian,,,,
#NiUnVotoALosCorruptosDelPRIAN,,,,
#NiUnVotoAlNarcoPRIANRD,,,,
#NiUnVotoAlNarcoPartidoMorena,,,,
#NiUnVotoAlPRIANPRD,,,,
#NoEraMiGallo,,,,
#NosUnimosONosHundimos,,,,
#Noti13Elecciones,,,,
#Noticias,,,,
#NoticiasMatrixMx,,,,
#NoticiasRedMX,,,,
#NuevoLeon,,,,
#NuevoLe√≥n,,,,
#OEA,,,,
#Oaxaca,,,,
#Oaxaca.,,,,
#Observaci√≥nElectoral,,,,
#OposicionMasPendejaYCorruptaQueHaExistido,,,,
#OposicionMiserableMezquinaVendePatriasYMentirosa,,,,
#OrgulloMexicano,,,,
#Orgullosamentedel,,,,
#PAN,,,,
#PRD,,,,
#PRD,,,,
#PREP,,,,
#PREP,,,,
#PREPAtizap√°ndeZaragoza,,,,
#PRI,,,,
#PRI,,,,
#PRIANCorrupto,,,,
#PRIANRD,,,,
#PUEBLA,,,,
#Pan,,,,
#ParaisoTabasco,,,,
#PlanC,,,,
#PlanC,,,,
#PlanCYaEstaEnMarcha,,,,
#PlanCYaEstaEnMarcha,,,,
#PlanC_,,,,
#PlanC_,,,,
#PlanC_ConVotoMasivoPorMorena2024,,,,
#PlanC_EsElObjetivo,,,,
#PlanC_VotoMasivoPorMorena2024,,,,
#PlanC_YaEst√°EnMarcha,,,,
#PlanC_YaEst√°EnMarcha,,,,
#PlazaSanDiego,,,,
#Politica,,,,
#PoliticosVoraces,,,,
#Politikmnte,,,,
#PorAmorAVeracruz,,,,
#PorQueNoVotar√©PorClaudia,,,,
#PorQu√©NOVotar√©PorClaudia,,,,
#Prep,,,,
#PresidenciaDeLaRep√∫blica,,,,
#PresidenciaDeLaRep√∫blica,,,,
#Presidenta,,,,
#PresidentadeMexico,,,,
#Pri,,,,
#PriandillaInmobiliaria,,,,
#PrimeroLosPobres,,,,
#ProcesoElectoral2024.,,,,
#Progres,,,,
#Protestas,,,,
#Puebla,,,,
#Puebla,,,,
#Puebla.,,,,
#Puebla;,,,,
#PuebloDecide,,,,
#PuebloInformado,,,,
#PuebloOrganizado,,,,
#QueChingueSuMadreElC√°rtelMorena,,,,
#QueSigaLa4T,,,,
#QueSigaLa4T,,,,
#QueSigaLaTransformacion,,,,
#QueSigaLaTransfrormaci√≥n,,,,
#Queretaro,,,,
#Quer√©rato,,,,
#Quer√©taro,,,,
#Quer√©taro,,,,
#Quer√©taro...,,,,
#QuintanaRoo,,,,
#QuintanaRoo.,,,,
#Qu√©PinchesNervios,,,,
#RTenEspa√±ol,,,,
#Reacci√≥nmx,,,,
#RebeldeConCausa,,,,
#Reforma,,,,
#Reto2024,,,,
#RocioGobernadora,,,,
#Ruta2024,,,,
#SLP,,,,
#SOMOSAMER1C4,,,,
#SalvemosAMexico,,,,
#SalyVota,,,,
#SamuelFacturero,,,,
#SanBernardinochalchihuapan,,,,
#SanLuisPotos√≠,,,,
#SantiagoTaboadaJefedeGobierno,,,,
#SenadoraDelPueblo,,,,
#SepaMasMx,,,,
#Sheinbaum,,,,
#SheinbaumPresidenta,,,,
#Shellroofingsolutions,,,,
#SiNoVotasNoCuentas,,,,
#SiSePuedeMexicoüíó,,,,
#SigamosHaciendoHistoria,,,,
#SigamosHaciendoHistoria,,,,
#Simpatizantes,,,,
#Sintexto,,,,
#SomosMillonesConAMLO,,,,
#SubrayadoMX,,,,
#SuguiremosHaciendoHistoria,,,,
#S√≠HayDeOtra,,,,
#TWS_hey_hey,,,,
#Tabasco,,,,
#Taboada2024,,,,
#TaboadaSeHunde,,,,
#Tamaulipas,,,,
#Televisa,,,,
#Texas,,,,
#Tijuana,,,,
#Tijuana,,,,
#TikTok,,,,
#TodoMORENA,,,,
#TodoMorena,,,,
#TodoMorena,,,,
#TodosConAMLOySusReformas,,,,
#Toluca,,,,
#Toluca,,,,
#TomaNota,,,,
#TuVotoLoPuedeTodo.,,,,
#T√∫Decides,,,,
#ULTIMAHORA,,,,
#UnMexicoMejor,,,,
#UnaIndigenaALSenado,,,,
#UniRadioVaConmigo,,,,
#UnidosPorLasAudiencias,,,,
#VNL2024,,,,
#VOTA,,,,
#VamosAInundarLasUrnas,,,,
#Veracruz,,,,
#Veracruz,,,,
#Veracruz:,,,,
#VidaVerdadYLibertad.,,,,
#Villahermosa,,,,
#VivaLa4T,,,,
#VivaMexico,,,,
#VivaMexicoMasiosares,,,,
#VivaM√©xico,,,,
#Volar√©Tour2024,,,,
#Vota,,,,
#Vota,,,,
#Vota2DeJunio,,,,
#Vota2Junio,,,,
#Vota2deJunio,,,,
#VotaMexico,,,,
#VotaMexico2024,,,,
#VotaMexico2024,,,,
#VotaM√©xico2024,,,,
#VotaM√©xico2024,,,,
#VotaParaBotarlos,,,,
#VotaPorDesaparecidos,,,,
#VotaPorMexico,,,,
#VotaPorM√©xico,,,,
#VotaPorM√©xico,,,,
#VotaSinMiedo,,,,
#VotaSinMiedo,,,,
#VotaTodoMorena,,,,
#VotaTodoMorena,,,,
#VotaTodoMorenaPTyPV,,,,
#VotaXDesaparecidos,,,,
#VotaXM√©xico,,,,
#VotaXUnDesaparecido,,,,
#VotaXing√≥n,,,,
#VotaXochitl,,,,
#Votaciones,,,,
#Votaciones2024,,,,
#Votaciones2024,,,,
#Votar,,,,
#VotarEsDeChingones,,,,
#VotarEsDeChingones,,,,
#VotarEsDeXingones,,,,
#VotarEst√°DeModa,,,,
#VotarEst√°DeModa,,,,
#Votatodomorena,,,,
#Voto,,,,
#Voto,,,,
#Voto2024,,,,
#Voto2024,,,,
#Voto24,,,,
#VotoDignamente,,,,
#VotoDignamente,,,,
#VotoDigno,,,,
#VotoExtranjero,,,,
#VotoExtranjeroü§ûü§ûü§ûüíóüíóüíóüá≤üáΩüá≤üáΩüá≤üáΩ,,,,
#VotoJoven,,,,
#VotoLibre,,,,
#VotoMORENA,,,,
#VotoMasivo,,,,
#VotoMasivoAMORENA,,,,
#VotoMasivoMorena2024,,,,
#VotoMasivoMorenaPTyPV,,,,
#VotoMasivoMorenaPTyPV,,,,
#VotoMasivoMorenaPlanC,,,,
#VotoMasivoParaMorenaPlanC,,,,
#VotoMasivoPorLa4T,,,,
#VotoMasivoPorMorena,,,,
#VotoMasivoPorMorenaPTPV,,,,
#VotoMasivoPorMorenaPTPV2024,,,,
#VotoMasivoPorMorenaPTPV2024,,,,
#VotoMasivoPorMorenaPTyPV,,,,
#VotoMasivoPorXochitl,,,,
#VotoMataEncuesta,,,,
#VotoMexico,,,,
#VotoPorM√©xico,,,,
#VotoPorM√©xico,,,,
#VotoProClaudia,,,,
#VotoTodoMorena,,,,
#VotoXM√©xico,,,,
#VotoXingon,,,,
#Votoextranjero,,,,
#VotoxLxsDesaparecidxs,,,,
#Voto√ötil2024,,,,
#Voto√ötil2024,,,,
#Voto√ötilPorX√≥chitl,,,,
#Voto√ötilXM√©xico,,,,
#Voto√ötilXM√©xico,,,,
#V√âRTIGOPOL√çTICO,,,,
#Xalapa,,,,
#XochiltGalvez,,,,
#XochiltlG√°lvezPresidenta,,,,
#XochiltlG√°lvezPresidenta24,,,,
#XochiltlG√°lvezPresidenta24,,,,
#Xochitl,,,,
#Xochitl.,,,,
#XochitlCogupta,,,,
#XochitlCompletamenteDerrotada,,,,
#XochitlEsEsperanza,,,,
#XochitlEsEsperanza,,,,
#XochitlEsUnPeligroParaM√©xico,,,,
#XochitlGalvez,,,,
#XochitlGalvezPresidenta,,,,
#XochitlGalvezPresidenta,,,,
#XochitlGalvezPresidenta24,,,,
#XochitlG√°lvez,,,,
#XochitlG√°lvezPresidenta,,,,
#XochitlG√°lvezPresidenta,,,,
#XochitlG√°lvezPresidenta2024,,,,
#XochitlG√°lvezPresidenta24,,,,
#XochitlG√°lvezPresidenta24,,,,
#XochitlG√°lvezPresidenta24,,,,
#XochitlG√°lvezPresidenta24.,,,,
#XochitlG√°lvezPresidentadeMexico,,,,
#XochitlG√°lvezPresidente,,,,
#XochitlG√°lvezPresidente,,,,
#XochitlG√°lvezPresidente2024,,,,
#XochitlG√°lvezPresidente24,,,,
#XochitlG√°lvezPresidente24,,,,
#XochitlNosUne,,,,
#XochitlVa,,,,
#XochitlVaAGanar,,,,
#XochitlYaChingoSuMadre,,,,
#XochitlYaGano,,,,
#XochitlYaGan√≥,,,,
#XochitlYaGan√≥,,,,
#XochitlYaPerdio,,,,
#XochitlYaPerdi√≥,,,,
#XovenesXingones,,,,
#XoxhitlG√°lvezPresidente2024,,,,
#XoxhitlG√°lvezPresidente2024,,,,
#XoxhitlG√°lvezPresidente24,,,,
#Xoxocotl√°n.,,,,
#X√≥chiltG√°lvez!,,,,
#X√≥chitl,,,,
#X√≥chitlGalvezPresidenta2024,,,,
#X√≥chitlG√°lvez,,,,
#X√≥chitlG√°lvez,,,,
#X√≥chitlG√°lvezPresidenta,,,,
#X√≥chitlG√°lvezPresidenta,,,,
#X√≥chitlG√°lvezPresidenta2024,,,,
#X√≥chitlG√°lvezPresidenta24,,,,
#X√≥chitlG√°lvezPresidentaDeM√©xico,,,,
#YaGanamos2024,,,,
#YaGan√≥X√≥chitl,,,,
#YaSeVan,,,,
#YaSeVan,,,,
#YaSeVanHDSCHM,,,,
#YaSeVanHDSPM,,,,
#YaSeVanLosCorruptos,,,,
#YaVoteXPlanC,,,,
#YaVot√©,,,,
#YaVot√©,,,,
#YaVot√©.,,,,
#YaVot√©porClaudiaShenbaum,,,,
#YaVot√©porX√≥chitl,,,,
#Ya_Gano_Claudia,,,,
#Yanichingan,,,,
#YoConX√≥chitl,,,,
#YoSiVoto,,,,
#YoSiVoyAVotar,,,,
#YoVotarePorX√≥chitl,,,,
#YoVotarePorX√≥chitl,,,,
#YoVotar√©PorXochitl,,,,
#YoVotar√©PorX√≥chitl,,,,
#YoVotar√©PorX√≥chitl,,,,
#YoVotePorXochitl,,,,
#YoVotePorXochitl,,,,
#YoVotePorX√≥chitl,,,,
#YoVoteporMelissaVargas,,,,
#YoVoteporXochitl,,,,
#YoVoteporXochitl,,,,
#YoVot√©PorPepe,,,,
#YoVot√©PorXochitl,,,,
#YoVot√©PorXochitl,,,,
#YoVot√©PorXochitl,,,,
#YoVot√©PorX√≥chitl,,,,
#YoVot√©PorX√≥chitl,,,,
#YoVot√©PorX√≥chitl.,,,,
#YoVot√©porTaboada,,,,
#YoVot√©porXochitl,,,,
#YoVot√©porX√≥chitl,,,,
#YoVot√©pprXochitl,,,,
#YoYaVotePorXochitl,,,,
#YoYaVot√©,,,,
#YoYaVot√©,,,,
#YoYaVot√©PorXochitl,,,,
#YoYaVot√©XX√≥chitl,,,,
#YogaDeLosSue√±os,,,,
#Yovoteporxochitl,,,,
#Yoya,,,,
#YoyaVoteporXochitl,,,,
#Yucatan,,,,
#Yucat√°n,,,,
#Yucat√°n,,,,
#Yucat√°nDecide,,,,
#Zurdos,,,,
#amlo,,,,
#amor,,,,
#anularesdependejos,,,,
#bicampe√≥n,,,,
#boleta,,,,
#campe√≥n,,,,
#casilla,,,,
#casillas,,,,
#casillasespeciales.,,,,
#cdmx,,,,
#cdmx,,,,
#chalchihuapan,,,,
#ciberataques:,,,,
#clarajefacdmx,,,,
#claudia,,,,
#claudia20242030,,,,
#claudiasheinbaum,,,,
#clowndiashitbaum,,,,
#coberturaqu√≥rum,,,,
#condesa,,,,
#democracia,,,,
#edomex,,,,
#elecciones,,,,
#elecciones2024despierta,,,,
#eleccionesM√©xico2024,,,,
#eleccionesm√©xico2024,,,,
#electoral.,,,,
#esunhonorestarconobrador,,,,
#esunhonorestarconobrador,,,,
#esunhonorestarconobradoryclaudia,,,,
#esunhonorestarconobradoryclaudia,,,,
#febNEZ,,,,
#fraude,,,,
#fueramorena,,,,
#gubernatura,,,,
#hugodelpuerto,,,,
#ine,,,,
#jud√≠a,,,,
#love,,,,
#maynez,,,,
#maynez,,,,
#mexico,,,,
#miedo,,,,
#migraci√≥n,,,,
#morena,,,,
#morena,,,,
#morenadestruyendoam√©xico,,,,
#morenadestruyendoam√©xico,,,,
#morenayagano,,,,
#mty,,,,
#muerala4t,,,,
#mujereschingonas,,,,
#mx,,,,
#nahuatl,,,,
#naucalpan,,,,
#niunvotoamorena,,,,
#nonosdejaronvotar,,,,
#ocoyucan,,,,
#pan,,,,
#patriota,,,,
#planC,,,,
#planc,,,,
#prep,,,,
#presidencia,,,,
#prisi√≥npreventiva.,,,,
#protestar,,,,
#quer√©taroelecciones,,,,
#redes,,,,
#reporte,,,,
#salyvota,,,,
#sexenio,,,,
#sigamoshaciendohistoria,,,,
#teens,,,,
#todomorena,,,,
#twitteroax,,,,
#vamosamer1c4,,,,
#veracruz,,,,
#viral,,,,
#vota,,,,
#vota,,,,
#vota2024,,,,
#votaciones2024,,,,
#votaciones2024,,,,
#votamexico,,,,
#votar,,,,
#voto,,,,
#voto2024,,,,
#votoanticipado,,,,
#votoextranjero,,,,
#votos,,,,
#votoutil,,,,
#xochilYaPerdio,,,,
#xochilovers,,,,
#xochitlpresidenta2024,,,,
#yasevan,,,,
#yavaliobertha,,,,
#yavot√©porx√≥chitl,,,,
#yavot√©porx√≥chitl,,,,
#yovotar√©porxochitl,,,,
#yovoteporlemus,,,,
#yovoteporxochitl,,,,
#yovot√©porxochitl,,,,
#yovot√©porx√≥chitl,,,,
#yovot√©porx√≥chitl,,,,
#yovot√©porx√≥chitl,,,,
#yovot√©to√±o,,,,
#yoyavoteporxochilt,,,,
#√öLTIMAHORA,,,,
#ùêòùê®ùêïùê®ùê≠√©ùêèùê®ùê´ùêó√≥,,,,
#ùêòùê®ùêïùê®ùê≠√©ùêèùê®ùê´ùêó√≥ùêúùê°ùê¢ùê≠ùê•,,,,
(#TiasPanistas),,,,
#YoVot√©PorXochitl,,,,
transformaci√≥n!ü´∞#EleccionesM√©xico2024,,,,
‚úÖ#XochitlG√°lvezPresidenta,,,,
üá≤üáΩ#M√©xicoüó≥Ô∏è,,,,
üá≤üáΩ#XochitlG√°lvezPresidenta24,,,,
üçøüçøüçøüçø#EleccionesM√©xico2024,,,,
üíïüá≤üáΩ#XochitlG√°lvezPresidenta24,,,,
üñïüèª#EleccionesM√©xico2024,,,,
üó≥Ô∏è#EleccionesM√©xico2024,,,,
üó≥Ô∏è‚òÄÔ∏è#yovot√©porx√≥chitl,,,,
üòí#ClaudiaPresidentaDeM√©xico2024,,,,
üôåüèªüó≥Ô∏èüíï#EleccionesM√©xico2024,,,,
üö®#AlertaADN,,,,
ü©∑#XochiltlG√°lvezPresidenta24,,,,
ü™≥#EleccionesM√©xico2024,,,,
ü´∞üèªü´∂üèª#EleccionesM√©xico2024